date,symbol,fol_pct,room_used_pct,current_room,total_room,foreign_net_value,foreign_buy_value,foreign_sell_value,turnover_value,match_price
2026-07-07,ACB,33.9,81.82,316527414,1741326587,13063795000,47543940000,34480145000,248507.74,22600
2026-07-07,ANV,49.0,6.44,122256496,130667075,-881240000,6135000,887375000,7860.25,20250
2026-07-07,BAF,50.0,5.33,143913429,152010821,445500000,445500000,0,16692.225,29900
2026-07-07,BCM,34.0,2.38,343512925,351900000,147440000,152500000,5060000,13319.18,50700
2026-07-07,BID,30.0,58.64,903325812,2184019563,-7234597650,4348580000,11583177650,89714.15,41650
2026-07-07,BMP,100.0,81.58,15078245,81860938,2964643100,3161960000,197316900,8993.69,149600
2026-07-07,BSI,110.0,35.63,173725510,269901549,3399930700,3548155000,148224300,35947.92,36850
2026-07-07,BSR,49.0,2.24,2398647375,2453576846,22746535000,27300850000,4554315000,166313.66,24250
2026-07-07,BVH,49.0,55.55,161690428,363738154,7181998900,10648920000,3466921100,31679.15,59500
2026-07-07,BWE,49.0,4.9,102479875,107765035,-22620000,0,22620000,1862.76,45200
2026-07-07,CII,40.0,8.8,245139716,268794116,-3654750000,932375000,4587125000,97637.04,16750
2026-07-07,CMG,50.0,73.1,31336835,116477304,-216052450,0,216052450,4413.32,27100
2026-07-07,CTD,49.0,94.73,2942480,55872968,9227675800,10266540000,1038864200,56141.64,71700
2026-07-07,CTG,30.0,82.24,413851625,2330083391,-898440000,13490605000,14389045000,162586.185,34250
2026-07-07,CTR,49.0,8.84,51097132,56049080,3219515000,4112915000,893400000,12126.92,84100
2026-07-07,CTS,49.0,1.69,102455435,104219784,-1197716800,5546600000,6744316800,89003.51,28900
2026-07-07,DBC,49.0,2.99,204890882,211212784,-2378523350,120677800,2499201150,33727.94,18000
2026-07-07,DCM,49.0,14.34,222199845,259406000,7701380000,9259285000,1557905000,40793.01,35100
2026-07-07,DGW,49.0,47.23,57231911,108446882,-1878877650,1794170000,3673047650,23976.52,39400
2026-07-07,DIG,49.0,3.62,376122311,390251283,13168975000,13335710000,166735000,82775.045,11900
2026-07-07,DPM,50.0,7.51,314456989,339995380,7832840000,8621680000,788840000,45394.145,22650
2026-07-07,DSE,100.0,10.65,382657821,428249806,1620225000,1620225000,0,20520.51,23200
2026-07-07,DXG,50.0,37.36,397706217,634926225,9544873600,10894660000,1349786400,71128.935,11900
2026-07-07,DXS,50.0,13.78,249661241,289551562,710598000,902937000,192339000,8011.665,6950
2026-07-07,EIB,29.97,7.7,516938494,560090574,4890125000,5162825000,272700000,68150.92,20200
2026-07-07,EVF,15.0,1.88,111943473,114084870,-335900000,51660000,387560000,28553.01,12850
2026-07-07,FPT,49.0,56.69,361511692,834718489,-7495588900,18640220700,26135809600,332887.43,73200
2026-07-07,FRT,49.0,64.52,29606210,83447874,-16835449100,4175553000,21011002100,40284.72,117000
2026-07-07,FTS,100.0,24.8,286633964,381145750,152705000,4615335000,4462630000,63594.445,28350
2026-07-07,GAS,49.0,4.17,1133092971,1182345380,3701181200,6353033300,2651852100,48169.67,73800
2026-07-07,GEE,50.0,2.05,313693782,320249605,4336924600,5785434600,1448510000,134467.42,86000
2026-07-07,GEX,50.0,14.64,558457737,654235679,-11404049500,1742545500,13146595000,213685.185,29350
2026-07-07,GMD,49.0,82.74,36067136,208982603,-9241611600,9284440000,18526051600,132261.76,76000
2026-07-07,GVR,13.0,4.8,495028119,520000000,7200003650,12454475050,5254471400,61093.305,31450
2026-07-07,HAG,49.0,3.72,597951040,621059294,-44674250,4460000,49134250,17797.38,14800
2026-07-07,HCM,49.0,70.07,158491659,529590573,13337915000,13852330000,514415000,112098.125,28600
2026-07-07,HDB,27.0,79.44,277908196,1351424607,54001741800,75245505000,21243763200,517420.05,27700
2026-07-07,HDC,49.0,2.18,95741300,97879739,30525600,30555000,29400,7749.1,14650
2026-07-07,HDG,50.0,34.16,133971208,203478666,11003087750,17359839000,6356751250,92663.535,18700
2026-07-07,HHV,49.0,19.69,215331207,268111485,2998510000,2998510000,0,27364.135,11200
2026-07-07,HPG,49.0,43.64,2331555193,4137052614,-30558829000,13170397200,43729226200,319462.655,23100
2026-07-07,HSG,49.0,6.68,369133814,395558724,1491967300,2251860000,759892700,45456.11,11500
2026-07-07,HT1,49.0,4.25,179035725,186979056,91000000,91000000,0,2601.76,13250
2026-07-07,IMP,77.96,93.23,8128822,120091737,-125725000,0,125725000,255.645,41800
2026-07-07,KBC,49.0,15.63,389351336,461459831,2470055000,4010300000,1540245000,29358.335,28800
2026-07-07,KDC,50.0,27.45,105125627,144903158,-641269950,0,641269950,6996.73,49500
2026-07-07,KDH,50.0,49.87,281303288,561107449,24357425000,26233225000,1875800000,62592.03,20950
2026-07-07,KOS,49.0,0.18,105887094,106075854,284160000,773930000,489770000,9219.18,36550
2026-07-07,LPB,5.0,22.69,115468924,149364105,11659532500,15206282500,3546750000,90994.33,53800
2026-07-07,MBB,23.24,95.41,85895636,1871587283,7515261450,34053243500,26537982050,315688.785,25750
2026-07-07,MSB,30.0,25.43,697999985,936000000,9127580000,9287560000,159980000,96854.665,16150
2026-07-07,MSN,106.16,24.4,1160419992,1534951081,-182685606000,34195966000,216881572000,667782.76,68600
2026-07-07,MWG,49.0,100.0,0,720149656,-2380623800,81237095000,83617718800,167389.73,77500
2026-07-07,NAB,30.0,3.85,593886557,617646684,-5323915000,386695000,5710610000,30052.12,13100
2026-07-07,NKG,45.45,8.9,203866075,223785440,-117535000,6000000,123535000,9351.86,12000
2026-07-07,NLG,50.0,81.25,45467827,242548691,1543710000,5189130000,3645420000,39070.745,25650
2026-07-07,NT2,49.0,21.93,110118437,141059254,-810715000,201985000,1012700000,4846.42,22000
2026-07-07,NVL,49.0,9.69,1062941286,1177013306,11957870000,18038245000,6080375000,89264.1,12550
2026-07-07,OCB,22.0,89.33,62511234,585871502,5138086650,6421275650,1283189000,32380.395,11350
2026-07-07,PAN,49.0,45.74,68609039,126455768,-765890000,75070000,840960000,6313.62,22150
2026-07-07,PC1,50.0,17.84,168950455,205642671,9046157000,14476305000,5430148000,89314.99,21600
2026-07-07,PDR,50.0,12.29,437572039,498904689,6151785000,7594480000,1442695000,68780.585,14300
2026-07-07,PHR,49.0,24.9,49862707,66394607,867040000,1142840000,275800000,20106.85,63900
2026-07-07,PLX,20.0,69.88,77944825,258775616,8190955000,9132470000,941515000,91586.52,34900
2026-07-07,PNJ,49.0,98.45,3899556,250826843,-18974612800,3590747200,22565360000,50505.36,50800
2026-07-07,POW,50.0,9.55,1387407169,1533922844,3169118000,7487153000,4318035000,119080.69,14700
2026-07-07,PVD,50.0,19.67,223438689,278148003,14271491700,16288220000,2016728300,102342.02,32600
2026-07-07,PVT,49.0,26.61,168996294,230266305,-9822555000,2997555000,12820110000,65624.53,19000
2026-07-07,REE,49.0,100.0,0,305220527,98943000,113520000,14577000,26937.025,47450
2026-07-07,SAB,100.0,58.66,530154867,1282562372,-709650000,4082685000,4792335000,18828.7,47250
2026-07-07,SBT,102.38,19.67,745455563,928026375,133185000,354930000,221745000,11613.03,21200
2026-07-07,SCS,32.6,28.6,22083820,30929304,-68620000,19580000,88200000,2441.035,49050
2026-07-07,SHB,31.31,13.43,1245031572,1438260007,-36129473200,6339458300,42468931500,637781.505,13400
2026-07-07,SIP,49.0,4.71,113046528,118635342,-64675000,0,64675000,3782.58,49700
2026-07-07,SJS,50.0,1.14,147042836,148737414,-4996600,4700000,9696600,405.035,47800
2026-07-07,SSB,30.0,1.0,1018308283,1028640000,8092205000,8931450000,839245000,35413.59,16400
2026-07-07,SSI,100.4,31.37,1717926697,2503089220,-4080845150,15788538250,19869383400,408632.69,27150
2026-07-07,STB,30.0,38.31,348905923,565564714,-7947480000,36375390000,44322870000,199135.76,70800
2026-07-07,SZC,20.0,6.24,33750416,35997172,786950000,799550000,12600000,8963.22,21200
2026-07-07,TCB,22.54,95.89,65624885,1597139381,-780260000,70558865000,71339125000,253822.15,33850
2026-07-07,TCH,51.0,20.18,371288795,465175704,4941680000,5117340000,175660000,52703.955,13900
2026-07-07,TPB,30.0,78.11,182136852,832214061,-2225510000,2116930000,4342440000,95707.375,16200
2026-07-07,VCB,30.0,67.37,818001125,2506702528,-7195459200,8654671200,15850130400,155779.57,61300
2026-07-07,VCG,49.0,4.3,303136381,316769484,3422235000,4231290000,809055000,39429.685,20450
2026-07-07,VCI,100.0,18.06,940374687,1147631925,3829895000,5020715000,1190820000,128732.97,24900
2026-07-07,VGC,49.0,1.97,215365800,219691500,221670000,943290000,721620000,12513.115,43000
2026-07-07,VHC,100.0,18.94,169791008,209453159,1146230000,1590380000,444150000,9954.06,57800
2026-07-07,VHM,50.0,15.11,1743412561,2053706002,-203217576300,18596480000,221814056300,585964.36,150100
2026-07-07,VIB,4.99,83.14,28633229,169859884,-826584200,4878440000,5705024200,96613.63,16250
2026-07-07,VIC,48.19,6.64,3466936642,3713436895,20585542900,76525089900,55939547000,643941.56,220300
2026-07-07,VIX,100.0,7.49,2266814180,2450287772,-4353699500,1609855000,5963554500,401524.055,16500
2026-07-07,VJC,30.0,21.05,182151178,230727888,1997260000,3393460000,1396200000,114033.82,139700
2026-07-07,VND,100.0,8.13,1398578434,1522299908,41096841250,49211295000,8114453750,385627.48,18750
2026-07-07,VNM,100.0,48.43,1077741153,2089955445,20993394400,38587510000,17594115600,88788.7,55100
2026-07-07,VPB,30.0,79.88,478860973,2380177080,-15265940000,23362140000,38628080000,221115.45,27600
2026-07-07,VPI,49.0,19.68,125962676,156824292,-1563760000,0,1563760000,22653.8,61600
2026-07-07,VPL,49.0,3.82,845110594,878717184,5596736400,5599370000,2633600,45682.15,82400
2026-07-07,VRE,49.0,24.44,862226339,1141121020,323825000,6407535000,6083710000,78784.83,27350
2026-07-07,VSC,49.0,2.39,179048865,183441477,384040000,1331330000,947290000,53724.425,17550
2026-07-07,VTP,49.0,8.05,77512045,84294650,218970000,780280000,561310000,13345.16,63000
2026-07-08,ACB,33.9,81.71,318549436,1741326587,30575749400,33957340000,3381590600,210483.25,22700
2026-07-08,ANV,49.0,6.42,122282896,130667075,-11303985000,418250000,11722235000,27455.995,19750
2026-07-08,BAF,60.0,5.53,172318453,182412453,3812320000,3812320000,0,23620.99,29950
2026-07-08,BCM,34.0,2.33,343716125,351900000,-86130000,0,86130000,6031.14,50700
2026-07-08,BID,30.0,58.61,904049612,2184019563,-1777308400,15475700000,17253008400,115192.89,41800
2026-07-08,BMP,100.0,81.6,15064162,81860938,-8696090000,2168010000,10864100000,21266.98,147000
2026-07-08,BSI,110.0,35.62,173753136,269901549,-1330710000,906050000,2236760000,28589.435,36300
2026-07-08,BSR,49.0,2.27,2397867675,2453576846,5449307750,25964760000,20515452250,320060.27,25100
2026-07-08,BVH,49.0,55.56,161656398,363738154,3104597900,5939310000,2834712100,18946.67,60400
2026-07-08,BWE,49.0,4.9,102486275,107765035,75810200,284530000,208719800,1909.55,45200
2026-07-08,CII,40.0,8.79,245167616,268794116,-574470000,847230000,1421700000,118082.795,16850
2026-07-08,CMG,50.0,73.14,31283319,116477304,740922900,1031405000,290482100,6272.025,27200
2026-07-08,CTD,49.0,94.85,2876805,55872968,2854217700,5683237700,2829020000,33141.42,71000
2026-07-08,CTG,30.0,82.22,414213209,2330083391,33598391000,38602191000,5003800000,300814.695,34500
2026-07-08,CTR,49.0,9.0,51007326,56049080,6735640000,8330540000,1594900000,32680.25,85500
2026-07-08,CTS,38.28,1.48,102675065,104219784,-4043345000,34500000,4077845000,68311.885,28150
2026-07-08,DBC,49.0,2.96,204970286,211212784,-2045436250,736675000,2782111250,25081.925,17950
2026-07-08,DCM,49.0,14.39,222079045,259406000,4628770000,19453580000,14824810000,185813.83,36650
2026-07-08,DGW,49.0,47.18,57276311,108446882,-1218813000,439565000,1658378000,10115.885,39450
2026-07-08,DIG,49.0,3.68,375901511,390251283,4368680000,4384765000,16085000,131770.655,12250
2026-07-08,DPM,50.0,7.92,313063189,339995380,6002355000,34394785000,28392430000,292935.655,24200
2026-07-08,DSE,100.0,10.67,382539721,428249806,769070000,2831030000,2061960000,26914.77,23350
2026-07-08,DXG,50.0,37.39,397534603,634926225,15593395000,15690350000,96955000,97503.685,12100
2026-07-08,DXS,50.0,13.77,249671241,289551562,134020000,134020000,0,8942.237,7110
2026-07-08,EIB,29.97,7.37,518811394,560090574,495820000,1637855000,1142035000,60868.43,20300
2026-07-08,EVF,15.0,1.88,111945673,114084870,87955000,237135000,149180000,22442.015,12950
2026-07-08,FPT,49.0,56.7,361393248,834718489,-86447605900,20096035600,106543641500,486767.03,72100
2026-07-08,FRT,49.0,64.24,29839245,83447874,-8872890000,1841370000,10714260000,16865.09,116400
2026-07-08,FTS,100.0,24.75,286817264,381145750,-110295000,230195000,340490000,44794.37,27750
2026-07-08,GAS,49.0,4.12,1133616421,1182345380,-1268030000,2761080000,4029110000,48671.89,74800
2026-07-08,GEE,50.0,2.0,313832818,320249605,-157412900,739517100,896930000,65275.65,84800
2026-07-08,GEX,50.0,14.33,560465601,654235679,-8503719200,1134547000,9638266200,259669.835,28900
2026-07-08,GMD,49.0,82.51,36556336,208982603,12627529200,16158700000,3531170800,96048.25,77400
2026-07-08,GVR,13.0,4.77,495177020,520000000,-75605000,271730000,347335000,34224.13,31500
2026-07-08,HAG,49.0,3.72,597931196,621059294,300120000,300120000,0,19642.605,14800
2026-07-08,HCM,49.0,70.13,158204159,529590573,3829175500,10821450000,6992274500,116425.27,28200
2026-07-08,HDB,27.0,79.42,278092278,1351424607,-1465525200,12085530000,13551055200,209982.295,27550
2026-07-08,HDC,49.0,2.11,95819188,97879739,894025000,894025000,0,16858.95,14900
2026-07-08,HDG,50.0,33.91,134485133,203478666,-1368472000,704900000,2073372000,40874.46,19000
2026-07-08,HHV,49.0,19.61,215545307,268111485,1471955000,2779220000,1307265000,31481.99,11200
2026-07-08,HPG,49.0,43.6,2333269122,4137052614,-2178075350,13533922700,15711998050,290026.765,23200
2026-07-08,HSG,49.0,6.59,369483526,395558724,-197415000,595435000,792850000,42567.325,11700
2026-07-08,HT1,49.0,4.28,178975425,186979056,157860000,157860000,0,2099.01,13000
2026-07-08,IMP,77.96,93.22,8136242,120091737,-37550000,0,37550000,50.045,41700
2026-07-08,KBC,49.0,15.56,389675836,461459831,-762655000,1331075000,2093730000,29507.85,28850
2026-07-08,KDC,50.0,27.45,105131527,144903158,-410185000,262410000,672595000,6199.85,49950
2026-07-08,KDH,50.0,49.83,281483864,561107449,-4217000000,7085665000,11302665000,55584.37,21000
2026-07-08,KOS,49.0,0.16,105906294,106075854,168360000,168360000,0,5028.805,36950
2026-07-08,LPB,5.0,22.86,115219067,149364105,-14612016600,23925520000,38537536600,88991.89,53100
2026-07-08,MBB,23.24,95.49,84342109,1871587283,100483444250,125417892250,24934448000,524400.415,26000
2026-07-08,MSB,30.0,25.29,699320985,936000000,-7077437000,405460000,7482897000,76538.32,16000
2026-07-08,MSN,106.16,24.42,1160129935,1534951081,-184524090000,115156990000,299681080000,745805.32,69000
2026-07-08,MWG,49.0,99.99,47491,720149656,42515010000,89849230000,47334220000,246648.4,78800
2026-07-08,NAB,30.0,3.91,593466757,617646684,4068190000,5981880000,1913690000,42067.975,13350
2026-07-08,NKG,45.45,8.95,203754275,223785440,1265380000,1307430000,42050000,19452.445,12100
2026-07-08,NLG,50.0,81.1,45830796,242548691,-6281660000,4693945000,10975605000,43042.31,25800
2026-07-08,NT2,49.0,21.9,110172747,141059254,503195000,503195000,0,6244.975,22100
2026-07-08,NVL,49.0,9.79,1061764526,1177013306,22570820000,30598775000,8027955000,167894.525,12650
2026-07-08,OCB,22.0,89.34,62478074,585871502,152385000,2757360000,2604975000,46875.445,11350
2026-07-08,PAN,49.0,45.67,68701039,126455768,-107810000,70720000,178530000,3803.56,22500
2026-07-08,PC1,50.0,17.53,169603382,205642671,-3590920000,761600000,4352520000,62714.155,22150
2026-07-08,PDR,50.0,12.51,436496039,498904689,16755195000,17319620000,564425000,134080.19,14400
2026-07-08,PHR,49.0,24.91,49854307,66394607,361590000,902320000,540730000,6740.54,63800
2026-07-08,PLX,20.0,69.87,77956610,258775616,2169375000,2913455000,744080000,78011.135,35250
2026-07-08,PNJ,49.0,99.64,894918,250826843,-215293874500,137433182200,352727056700,1243893.88,52000
2026-07-08,POW,50.0,9.44,1389086773,1533922844,-10459060000,3852380000,14311440000,112662.215,14700
2026-07-08,PVD,50.0,19.82,223009045,278148003,949118850,14628728850,13679610000,75489.79,32550
2026-07-08,PVT,49.0,26.53,169185725,230266305,10126100300,12209755000,2083654700,49475.59,19450
2026-07-08,REE,49.0,100.0,0,305220527,-63001600,75868400,138870000,22770.81,47200
2026-07-08,SAB,100.0,58.67,530072123,1282562372,-2962230000,9158555000,12120785000,22953.04,47200
2026-07-08,SBT,102.38,19.68,745427263,928026375,909142250,910880000,1737750,11700.8,21250
2026-07-08,SCS,32.6,28.61,22080920,30929304,-3114835000,978970000,4093805000,5932.86,48900
2026-07-08,SHB,31.31,13.46,1244615978,1438260007,-40884467200,13633045500,54517512700,536642.765,13400
2026-07-08,SIP,49.0,4.71,113043783,118635342,243800000,298570000,54770000,2133.925,49900
2026-07-08,SJS,50.0,1.13,147058528,148737414,-18900000,9370000,28270000,1054.875,48000
2026-07-08,SSB,30.0,1.02,1018123983,1028640000,1855005000,3787030000,1932025000,37154.905,16400
2026-07-08,SSI,100.4,31.33,1718884887,2503089220,-7849695000,22551775000,30401470000,602265.17,27200
2026-07-08,STB,30.0,38.2,349517523,565564714,-35626530000,7505390000,43131920000,167175.71,70900
2026-07-08,SZC,20.0,6.39,33695816,35997172,1458250000,1458250000,0,8333.445,21450
2026-07-08,TCB,22.54,95.63,69732947,1597139381,-112323735300,22986258500,135309993800,427419.7,33750
2026-07-08,TCH,51.0,19.98,372229641,465175704,3778061400,3983861400,205800000,50003.68,14050
2026-07-08,TPB,30.0,78.2,181459206,832214061,19004688800,20428573800,1423885000,188375.57,16300
2026-07-08,VCB,30.0,67.36,818164564,2506702528,2028981900,7778750000,5749768100,126161.99,61600
2026-07-08,VCG,49.0,4.48,302581881,316769484,2322678250,12397745000,10075066750,61977.48,20650
2026-07-08,VCI,100.0,18.18,939032687,1147631925,20111080000,32416310000,12305230000,414327.99,25400
2026-07-08,VGC,49.0,1.95,215402800,219691500,397225000,705765000,308540000,6787.835,43000
2026-07-08,VHC,100.0,18.95,169769108,209453159,572250000,1821450000,1249200000,8332.39,58900
2026-07-08,VHM,50.0,15.11,1743454408,2053706002,-131665523700,21635006300,153300530000,419589.26,150000
2026-07-08,VIB,4.99,81.23,31877885,169859884,-29305920000,4797005000,34102925000,171801.395,16250
2026-07-08,VIC,48.19,6.64,3467047635,3713436895,66673624000,92697914000,26024290000,426154.2,220700
2026-07-08,VIX,100.0,7.47,2267208175,2450287772,-3058041750,1699563250,4757605000,367889.29,16500
2026-07-08,VJC,30.0,21.07,182122533,230727888,-15463974300,1633334500,17097308800,118819.93,138900
2026-07-08,VND,100.0,8.21,1397376659,1522299908,3108635000,30309565000,27200930000,402519.36,18700
2026-07-08,VNM,100.0,48.52,1076012483,2089955445,123739795900,147098373200,23358577300,205317.65,55700
2026-07-08,VPB,30.0,79.87,479176173,2380177080,-123565867500,16295830000,139861697500,501860.79,27750
2026-07-08,VPI,49.0,19.59,126103676,156824292,-707610000,264090000,971700000,19754.99,61500
2026-07-08,VPL,49.0,3.83,845037224,878717184,5444510000,6300980000,856470000,61564.04,84000
2026-07-08,VRE,49.0,24.44,862228923,1141121020,-7757385600,16930867200,24688252800,133113.4,27050
2026-07-08,VSC,49.0,2.42,179010735,183441477,2897496500,3363606500,466110000,90508.18,17400
2026-07-08,VTP,49.0,8.03,77525829,84294650,238602000,238602000,0,8722.31,63800
2026-07-09,ACB,33.9,81.78,317223273,1741326587,18353942000,36724192650,18370250650,433927.88,22800
2026-07-09,ANV,49.0,6.37,122339295,130667075,-108939850,441030150,549970000,8921.31,20000
2026-07-09,BAF,60.0,5.63,172137973,182412453,4338265000,5352160000,1013895000,34629.465,30100
2026-07-09,BCM,34.0,2.33,343711215,351900000,160190200,160190200,0,9821.02,50400
2026-07-09,BID,30.0,58.54,905513680,2184019563,-8090948200,949411800,9040360000,120002.765,41250
2026-07-09,BMP,100.0,81.66,15014162,81860938,790230000,6772590000,5982360000,30989.02,145500
2026-07-09,BSI,110.0,35.64,173721836,269901549,-2716660000,2012685000,4729345000,25942.825,35900
2026-07-09,BSR,49.0,2.3,2397056370,2453576846,74382930000,92158430000,17775500000,554904.365,26350
2026-07-09,BVH,49.0,55.54,161733905,363738154,747750000,4297880000,3550130000,22148.76,60100
2026-07-09,BWE,49.0,4.89,102493899,107765035,-72225000,0,72225000,953.17,45200
2026-07-09,CII,40.0,8.77,245219616,268794116,-5839525000,14885000,5854410000,113939.13,16300
2026-07-09,CMG,50.0,73.12,31312120,116477304,-13719650,37805000,51524650,4261.705,27050
2026-07-09,CTD,49.0,94.79,2909768,55872968,-4004879000,463491000,4468370000,40971.28,69500
2026-07-09,CTG,30.0,82.22,414244611,2330083391,-17022941200,6291360000,23314301200,183933.55,34050
2026-07-09,CTR,49.0,8.88,51071607,56049080,-5116680000,60430000,5177110000,15346.02,75000
2026-07-09,CTS,38.28,1.56,102589235,104219784,-12227604500,2247295000,14474899500,87458.71,28600
2026-07-09,DBC,49.0,2.95,204985102,211212784,-2370357900,1011425000,3381782900,21378.39,17800
2026-07-09,DCM,49.0,13.78,223656545,259406000,-47898170000,1335125000,49233295000,115175.555,33750
2026-07-09,DGW,49.0,46.96,57522311,108446882,-373905000,742795000,1116700000,17556.075,38850
2026-07-09,DIG,49.0,3.75,375633211,390251283,1504895000,3347140000,1842245000,33649.55,12250
2026-07-09,DPM,50.0,7.46,314631889,339995380,-3537803800,5218085000,8755888800,92600.915,23800
2026-07-09,DSE,100.0,10.65,382647421,428249806,1217860000,1217860000,0,16285.765,23200
2026-07-09,DXG,50.0,37.44,397196603,634926225,1705194000,4145505000,2440311000,41951.725,12000
2026-07-09,DXS,50.0,13.78,249656141,289551562,-266569000,99064000,365633000,5873.466,6960
2026-07-09,EIB,29.97,7.11,520284094,560090574,-3701230000,168765000,3869995000,114887.435,20000
2026-07-09,EVF,15.0,1.89,111931773,114084870,-234810000,95090000,329900000,27980.935,12700
2026-07-09,FPT,49.0,56.73,361188055,834718489,-22457520000,33086770000,55544290000,321110.35,72100
2026-07-09,FRT,49.0,64.18,29891908,83447874,-3376324000,456326000,3832650000,11064.25,115500
2026-07-09,FTS,100.0,24.75,286797964,381145750,-5003260000,758000000,5761260000,52149.055,27600
2026-07-09,GAS,49.0,4.17,1133015116,1182345380,42126720200,54824080000,12697359800,154555.51,77000
2026-07-09,GEE,50.0,1.93,314058317,320249605,-1299592900,701857100,2001450000,110771.54,81000
2026-07-09,GEX,50.0,14.23,561108015,654235679,-61024442700,6798140900,67822583600,577356.6,27300
2026-07-09,GMD,49.0,82.48,36612978,208982603,-3628430000,5628610000,9257040000,62108.02,76100
2026-07-09,GVR,13.0,4.77,495201720,520000000,-1104220000,792505000,1896725000,34494.78,31500
2026-07-09,HAG,49.0,3.72,597936596,621059294,-1607138000,0,1607138000,34619.385,14500
2026-07-09,HCM,49.0,70.23,157679606,529590573,11556880000,17479890000,5923010000,147771.54,28100
2026-07-09,HDB,27.0,79.46,277629398,1351424607,8740180700,26855085700,18114905000,193033.395,27300
2026-07-09,HDC,49.0,2.12,95806488,97879739,-322150000,83420000,405570000,6966.865,14650
2026-07-09,HDG,50.0,33.42,135483833,203478666,-953594050,153115000,1106709050,32452.715,18850
2026-07-09,HHV,49.0,19.43,216018507,268111485,-6097445000,1075000,6098520000,24828.265,10700
2026-07-09,HPG,49.0,43.53,2336029342,4137052614,-13665958500,11167516500,24833475000,269887.235,23200
2026-07-09,HSG,49.0,6.6,369439489,395558724,104680000,1709785000,1605105000,36353.025,11500
2026-07-09,HT1,49.0,4.25,179026625,186979056,5300000,5300000,0,2901.97,13300
2026-07-09,IMP,77.96,93.22,8138592,120091737,-164989650,1540350,166530000,315.825,41500
2026-07-09,KBC,49.0,15.49,389990936,461459831,-2967050000,154555000,3121605000,22447.3,28650
2026-07-09,KDC,50.0,27.44,105148027,144903158,-114155000,606045000,720200000,4927.245,49950
2026-07-09,KDH,50.0,49.87,281295264,561107449,5479460000,16698010000,11218550000,44995.855,20650
2026-07-09,KOS,49.0,0.22,105844894,106075854,2313340000,2313340000,0,11426.635,38000
2026-07-09,LPB,5.0,22.64,115550667,149364105,1834540000,8562840000,6728300000,49685.62,52400
2026-07-09,MBB,23.24,95.47,84741695,1871587283,-36321324000,31461136000,67782460000,277674.185,24600
2026-07-09,MSB,30.0,25.29,699316785,936000000,1756205000,3605780000,1849575000,36980.365,16000
2026-07-09,MSN,106.16,24.23,1162976829,1534951081,-48401783000,10841177000,59242960000,158266.26,68900
2026-07-09,MWG,49.0,100.0,0,720149656,8730198600,12493408600,3763210000,123711.29,78500
2026-07-09,NAB,30.0,3.9,593582157,617646684,-4091865000,388440000,4480305000,30963.935,13250
2026-07-09,NKG,50.0,9.0,224016071,246161980,-115680000,0,115680000,13624.92,11950
2026-07-09,NLG,50.0,81.04,45986103,242548691,-8110176000,5241584000,13351760000,22066.68,25400
2026-07-09,NT2,49.0,21.88,110189937,141059254,-861900000,481730000,1343630000,9500.72,22100
2026-07-09,NVL,49.0,9.71,1062709827,1177013306,-668297000,8014823000,8683120000,72182.405,12450
2026-07-09,OCB,22.0,89.15,63544873,585871502,1111530000,1111530000,0,24270.205,11300
2026-07-09,PAN,49.0,45.61,68778239,126455768,-169975000,0,169975000,2984.48,22150
2026-07-09,PC1,50.0,17.36,169934582,205642671,-3915445000,215835000,4131280000,56087.27,21900
2026-07-09,PDR,50.0,12.57,436207869,498904689,5267319000,6166509000,899190000,66736.815,14200
2026-07-09,PHR,49.0,24.85,49893807,66394607,37920000,1486810000,1448890000,14821.02,63800
2026-07-09,PLX,20.0,69.82,78094660,258775616,5138252500,7783407500,2645155000,105023.065,36000
2026-07-09,PNJ,49.0,98.88,2802479,250826843,-6402067900,69197812100,75599880000,246327.75,50000
2026-07-09,POW,50.0,9.43,1389341073,1533922844,-21291585000,64800000,21356385000,198567.885,14200
2026-07-09,PVD,50.0,19.87,222886545,278148003,-2084190000,17766905000,19851095000,240668.875,33300
2026-07-09,PVT,49.0,26.32,169651714,230266305,-3158930000,13287015000,16445945000,72436.12,19450
2026-07-09,REE,49.0,100.0,0,305220527,53065050,54064650,999600,17830.725,47200
2026-07-09,SAB,100.0,58.65,530329623,1282562372,321272250,4626130000,4304857750,14302.97,47150
2026-07-09,SBT,102.38,19.68,745415247,928026375,-1132385000,255545000,1387930000,11546.88,21250
2026-07-09,SCS,32.6,28.55,22100310,30929304,-4218000,54722000,58940000,2557.86,48900
2026-07-09,SHB,31.31,12.91,1252556057,1438260007,-3410346600,2415238400,5825585000,464351.785,13350
2026-07-09,SIP,49.0,4.71,113049883,118635342,-859050000,104265000,963315000,4228.585,49500
2026-07-09,SJS,50.0,1.13,147058428,148737414,4560000,14150000,9590000,457.2,47800
2026-07-09,SSB,30.0,1.02,1018178183,1028640000,-5489980000,917960000,6407940000,36148.755,15950
2026-07-09,SSI,100.0,31.2,1722015712,2503089220,-19757870000,3747025000,23504895000,285879.67,26950
2026-07-09,STB,30.0,38.07,350252522,565564714,-1382158100,4760131900,6142290000,110462.07,71000
2026-07-09,SZC,20.0,6.33,33718668,35997172,-10730000,21350000,32080000,3072.505,21400
2026-07-09,TCB,22.54,95.64,69641212,1597139381,-89946739000,25712341000,115659080000,382636.635,33150
2026-07-09,TCH,51.0,19.83,372912134,465175704,-2439380000,0,2439380000,22123.24,13750
2026-07-09,TPB,30.0,78.17,181676977,832214061,-11557143800,2378692500,13935836300,104974.335,16200
2026-07-09,VCB,30.0,67.37,818043950,2506702528,-39145467200,8615112800,47760580000,135196.03,61100
2026-07-09,VCG,49.0,4.74,301740425,316769484,22134808900,27419493900,5284685000,106504.665,20750
2026-07-09,VCI,100.0,18.13,939597187,1147631925,-8442981200,1056020000,9499001200,128775.905,25100
2026-07-09,VGC,49.0,1.93,215453100,219691500,-939215000,71475000,1010690000,6553.375,42800
2026-07-09,VHC,100.0,18.96,169743408,209453159,-7869650000,2673870000,10543520000,16048.65,57700
2026-07-09,VHM,50.0,15.1,1743689780,2053706002,-30051837000,52523890000,82575727000,283843.09,148700
2026-07-09,VIB,4.99,79.87,34193520,169859884,-3308163700,2607491300,5915655000,66438.39,16100
2026-07-09,VIC,48.19,6.36,3477107861,3713436895,33246098800,66523847000,33277748200,522770.46,221000
2026-07-09,VIX,100.0,7.43,2268261413,2450287772,-13416862050,911895000,14328757050,657691.87,16050
2026-07-09,VJC,30.0,21.06,182136603,230727888,-184769100,8187907000,8372676100,121860.98,139000
2026-07-09,VND,100.0,8.2,1397426359,1522299908,-8936617500,26101870000,35038487500,338117.9,18350
2026-07-09,VNM,100.0,48.53,1075652295,2089955445,39515153300,50344096300,10828943000,137670.45,55700
2026-07-09,VPB,30.0,79.86,479393073,2380177080,-68600525000,7991795000,76592320000,269177.825,27250
2026-07-09,VPI,49.0,19.68,125968176,156824292,8851740000,10311870000,1460130000,37035.38,63000
2026-07-09,VPL,49.0,3.83,845043324,878717184,-691340000,2251240000,2942580000,68108.85,83200
2026-07-09,VRE,49.0,24.37,863015439,1141121020,-20122320000,4059645000,24181965000,71595.74,26900
2026-07-09,VSC,49.0,2.43,178986628,183441477,-2252968900,202156100,2455125000,96799.57,16750
2026-07-09,VTP,49.0,8.04,77513349,84294650,-1940050000,880940000,2820990000,17373.68,63200
2026-07-10,ACB,30.0,81.74,317909960,1741326587,-22683350100,35075686036,57759036136,167060.78,22550
2026-07-10,ANV,49.0,6.32,122406596,130667075,-4752785000,227850000,4980635000,16330.12,19600
2026-07-10,BAF,50.0,5.74,171934853,182412453,7062010000,7062010000,0,33821.43,30050
2026-07-10,BCM,34.0,2.33,343710024,351900000,534930000,5227667495,4692737495,11592.115,48700
2026-07-10,BID,30.0,58.54,905487133,2184019563,-655015150,70485759274,71140774424,93938.33,41000
2026-07-10,BMP,100.0,81.62,15042462,81860938,30240000,1570160000,1539920000,6434.94,146100
2026-07-10,BSI,100.0,35.62,173764636,269901549,-1968025000,460395000,2428420000,45936.205,34450
2026-07-10,BSR,49.0,2.29,2397352270,2453576846,-3023715000,10267540000,13291255000,202304.375,25500
2026-07-10,BVH,49.0,55.53,161744805,363738154,-1322250000,2920080000,4242330000,14256.03,59000
2026-07-10,BWE,49.0,4.89,102494399,107765035,-85770000,0,85770000,3243.505,45200
2026-07-10,CII,40.0,8.74,245305116,268794116,524838000,2014815000,1489977000,100612.055,16150
2026-07-10,CMG,50.0,73.11,31318115,116477304,-1439043500,47745000,1486788500,5552.85,27000
2026-07-10,CTD,49.0,95.06,2761155,55872968,7174300000,10690330000,3516030000,37251.93,68800
2026-07-10,CTG,30.0,82.23,414137611,2330083391,-25477088500,43108038094,68585126594,186831.33,33700
2026-07-10,CTR,49.0,8.88,51072032,56049080,-663370000,214660000,878030000,7971.21,74000
2026-07-10,CTS,49.0,1.44,131480956,133400020,-6284645000,19810000,6304455000,53300.96,27900
2026-07-10,DBC,49.0,2.87,205155375,211212784,-2949770000,10480000,2960250000,47684.055,17350
2026-07-10,DCM,49.0,13.77,223694845,259406000,-22785860000,405935000,23191795000,81507.88,32800
2026-07-10,DGW,49.0,46.9,57589845,108446882,-2690504600,20433800,2710938400,16374.59,38500
2026-07-10,DIG,49.0,3.79,375468779,390251283,2475789500,4901889500,2426100000,54040.54,12300
2026-07-10,DPM,50.0,7.43,314737046,339995380,-313366600,2799488400,3112855000,74269.875,23400
2026-07-10,DSE,100.0,10.66,382601921,428249806,703085000,1049585000,346500000,14998.955,23050
2026-07-10,DXG,50.0,37.7,395545506,634926225,20672098000,29610782395,8938684395,121737.235,12050
2026-07-10,DXS,50.0,13.8,249607641,289551562,-342212000,272918000,615130000,10880.391,7030
2026-07-10,EIB,29.97,7.11,520282444,560090574,-8038690000,5356300794,13394990794,65546.955,19750
2026-07-10,EVF,15.0,1.79,112037273,114084870,-234810000,95090000,329900000,27243.455,12750
2026-07-10,FPT,49.0,56.69,361525902,834718489,-119771875900,55604858400,175376734300,564810.34,70600
2026-07-10,FRT,49.0,64.01,30034436,83447874,-8882800000,10620658732,19503458732,19135.56,113900
2026-07-10,FTS,100.0,24.74,286854164,381145750,-4484900000,2710000,4487610000,37841.92,26850
2026-07-10,GAS,49.0,4.16,1133144929,1182345380,-3326713000,10359681140,13686394140,38916.28,75200
2026-07-10,GEE,50.0,1.94,314045712,320249605,-8995961000,2707734000,11703695000,61889.53,80100
2026-07-10,GEX,50.0,14.29,560763284,654235679,5739874050,26915892528,21176018478,285094.325,26600
2026-07-10,GMD,49.0,82.49,36584856,208982603,-990030000,32881308526,33871338526,163456.67,75300
2026-07-10,GVR,13.0,4.77,495189220,520000000,-5445580000,424985000,5870565000,31046.745,30600
2026-07-10,HAG,49.0,3.72,597936801,621059294,-8483500,0,8483500,18063.25,14650
2026-07-10,HCM,49.0,70.21,157762306,529590573,-12438367750,7825815000,20264182750,121053.635,27800
2026-07-10,HDB,27.0,79.54,276454498,1351424607,28384540000,66025005469,37640465469,304004.47,27000
2026-07-10,HDC,49.0,2.1,95820588,97879739,-338450000,0,338450000,14792.52,14650
2026-07-10,HDG,50.0,33.45,135412433,203478666,-3483330000,1125090000,4608420000,23933.09,18900
2026-07-10,HHV,49.0,20.08,214272007,268111485,16975591000,24828960000,7853369000,33162.565,10700
2026-07-10,HPG,49.0,43.51,2337121376,4137052614,68281500,48402661930,48334380430,274691.525,22950
2026-07-10,HSG,49.0,6.57,369577289,395558724,-2361185000,1145000,2362330000,20153.935,11350
2026-07-10,HT1,49.0,4.25,179024625,186979056,25080000,25080000,0,785.57,13100
2026-07-10,IMP,77.96,93.22,8141642,120091737,-186680000,4120000,190800000,298.12,41200
2026-07-10,KBC,49.0,15.49,389988136,461459831,-195880450,394010000,589890450,23288.76,28600
2026-07-10,KDC,50.0,27.41,105178030,144903158,118514500,277735000,159220500,769.465,49900
2026-07-10,KDH,50.0,49.89,281170864,561107449,-6353395000,27805364216,34158759216,50730.8,20300
2026-07-10,KOS,49.0,0.23,105827794,106075854,292430000,821880000,529450000,9993.58,38050
2026-07-10,LPB,5.0,22.64,115553867,149364105,-15574830000,4709700000,20284530000,133049.39,53400
2026-07-10,MBB,23.24,95.62,82030037,1871587283,66204963000,128286443360,62081480360,259914.46,24650
2026-07-10,MSB,30.0,25.29,699295585,936000000,-3109994500,25061032806,28171027306,44867.76,15800
2026-07-10,MSN,106.16,24.09,1165171414,1534951081,336582800,51211806912,50875224112,185165.4,68800
2026-07-10,MWG,49.0,100.0,0,720149656,9603780800,86601158582,76997377782,245422.94,76600
2026-07-10,NAB,30.0,4.01,592863157,617646684,13993615000,15340490000,1346875000,56579.67,13300
2026-07-10,NKG,50.0,8.99,224025971,246161980,-567620000,0,567620000,16974.09,11950
2026-07-10,NLG,50.0,81.15,45726023,242548691,-4335500000,6559495000,10894995000,39330.17,25000
2026-07-10,NT2,49.0,21.84,110252547,141059254,-740895000,46260000,787155000,3904.32,21800
2026-07-10,NVL,49.0,9.83,1061254921,1177013306,23497535750,24572092750,1074557000,100537.96,12350
2026-07-10,OCB,22.0,89.15,63546773,585871502,-5328715000,92250000,5420965000,46143.19,11100
2026-07-10,PAN,49.0,45.6,68797839,126455768,-256275000,333250000,589525000,3065.77,22150
2026-07-10,PC1,50.0,17.37,169912482,205642671,-7262916450,346375000,7609291450,25962.105,21250
2026-07-10,PDR,50.0,12.76,435263769,498904689,13236140000,14314840000,1078700000,109488.34,14050
2026-07-10,PHR,49.0,24.82,49912307,66394607,-584910000,248270000,833180000,7031.55,63200
2026-07-10,PLX,20.0,69.82,78099860,258775616,-7297540000,2725025000,10022565000,89877.395,36000
2026-07-10,PNJ,49.0,99.14,2145880,250826843,-19835968650,162679520974,182515489624,481932.585,46600
2026-07-10,POW,50.0,9.43,1389230923,1533922844,-23235290000,7915167087,31150457087,116354.84,14100
2026-07-10,PVD,50.0,19.71,223311373,278148003,-981673150,14177798602,15159471752,101505.895,32500
2026-07-10,PVT,49.0,25.83,170795614,230266305,-3834900000,976450000,4811350000,36149.675,18900
2026-07-10,REE,49.0,100.0,0,305220527,19923100,19923100,0,14809.315,47000
2026-07-10,SAB,100.0,58.65,530352222,1282562372,-2141440000,2131145000,4272585000,17809.46,47150
2026-07-10,SBT,102.38,19.68,745404747,928026375,414770000,478370000,63600000,10011.69,21300
2026-07-10,SCS,32.25,28.58,22090020,30929304,-2272540000,535360000,2807900000,6183.31,48500
2026-07-10,SHB,31.31,12.72,1255363862,1438260007,-2631191150,6576807996,9207999146,485633.33,13150
2026-07-10,SIP,49.0,4.71,113045783,118635342,417255000,451995000,34740000,1320.59,49600
2026-07-10,SJS,50.0,1.13,147057933,148737414,-4700000,0,4700000,1967.87,47800
2026-07-10,SSB,30.0,1.04,1017913883,1028640000,2682405000,4807335000,2124930000,35812.88,16250
2026-07-10,SSI,100.0,31.2,1722244443,2503089220,-44607032700,23018442072,67625474772,405649.39,26550
2026-07-10,STB,30.0,38.05,350354823,565564714,-8942500000,25448215050,34390715050,151877.64,70100
2026-07-10,SZC,20.0,6.32,33720368,35997172,-453865000,2130000,455995000,5692.72,21000
2026-07-10,TCB,22.54,95.69,68863537,1597139381,-33781385000,78671440837,112452825837,532658.815,32400
2026-07-10,TCH,51.0,19.88,372715134,465175704,701995000,7820312015,7118317015,33588.895,13650
2026-07-10,TPB,30.0,78.13,181964087,832214061,-17348155750,5920334397,23268490147,124429.755,15950
2026-07-10,VCB,30.0,67.36,818174483,2506702528,-45640740500,62655213029,108295953529,183534.89,60500
2026-07-10,VCG,49.0,4.69,301928367,316769484,518536900,1660841900,1142305000,78707.455,20300
2026-07-10,VCI,100.0,18.13,939613887,1147631925,-9131805000,6431844389,15563649389,175067.57,24450
2026-07-10,VGC,49.0,1.93,215455300,219691500,-2611340000,4185000,2615525000,11228.51,42000
2026-07-10,VHC,100.0,18.94,169779308,209453159,301450000,754460000,453010000,8808.88,57500
2026-07-10,VHM,50.0,15.05,1744724197,2053706002,-8422641200,150246294522,158668935722,466971.92,147000
2026-07-10,VIB,4.99,79.83,34268029,169859884,-20673960000,6386857088,27060817088,102254.815,15950
2026-07-10,VIC,48.19,6.57,3469365979,3713436895,1679292624500,1804860012146,125567387646,888642.84,223000
2026-07-10,VIX,100.0,7.45,2267863586,2450287772,-7676309950,17120608038,24796917988,788762.405,15450
2026-07-10,VJC,30.0,21.04,182176533,230727888,-2537702600,2310150000,4847852600,103388.46,138000
2026-07-10,VND,100.0,8.2,1397523259,1522299908,-14212520000,23613179233,37825699233,320922.33,18000
2026-07-10,VNM,100.0,48.72,1071655439,2089955445,196122901900,246478069536,50355167636,313908.36,56600
2026-07-10,VPB,30.0,79.88,478837325,2380177080,-82247382700,78237419046,160484801746,379583.395,26700
2026-07-10,VPI,49.0,19.75,125850376,156824292,10692850000,10711930000,19080000,42311.2,62400
2026-07-10,VPL,49.0,3.83,845068023,878717184,863960000,1096300000,232340000,67196.38,82300
2026-07-10,VRE,49.0,24.41,862562349,1141121020,-35645317900,19712421590,55357739490,127893.2,26350
2026-07-10,VSC,49.0,2.87,178182225,183441477,11622732000,12557812000,935080000,95342.005,16300
2026-07-10,VTP,49.0,8.03,77523849,84294650,183370000,196090000,12720000,13022.86,63200
2026-07-13,ACB,30.0,81.75,317706870,1741326587,-21647010000,5927945000,27574955000,346418.155,22450
2026-07-13,ANV,49.0,5.89,122968996,130667075,-455865000,378405000,834270000,14745.235,18850
2026-07-13,BAF,50.0,5.75,171926053,182412453,-2842085000,250615000,3092700000,26185.47,29800
2026-07-13,BCM,34.0,2.33,343703324,351900000,138330000,340700000,202370000,32188.24,46000
2026-07-13,BID,30.0,58.54,905455590,2184019563,-23933719750,11584995250,35518715000,243004.78,39950
2026-07-13,BMP,100.0,81.68,14997262,81860938,11565923000,13942910000,2376987000,26476.29,148600
2026-07-13,BSI,100.0,35.64,173716036,269901549,930565000,3213100000,2282535000,50203.0,32700
2026-07-13,BSR,49.0,2.3,2397263469,2453576846,-6148675700,12527345900,18676021600,221154.305,25750
2026-07-13,BVH,49.0,55.55,161666305,363738154,6258768900,7565140000,1306371100,22607.79,57500
2026-07-13,BWE,49.0,4.89,102493599,107765035,-261265000,0,261265000,3182.22,45200
2026-07-13,CII,40.0,9.0,244592153,268794116,6656731200,11577366200,4920635000,149451.08,16200
2026-07-13,CMG,50.0,73.12,31305815,116477304,-670733300,374760000,1045493300,6760.055,26450
2026-07-13,CTD,49.0,95.49,2521455,55872968,16854240000,17249190000,394950000,53474.6,67600
2026-07-13,CTG,30.0,82.28,412833482,2330083391,-120084824550,48350088750,168434913300,568804.675,32600
2026-07-13,CTR,49.0,8.88,51072832,56049080,-9765639600,7280000,9772919600,23651.81,73800
2026-07-13,CTS,49.0,1.41,131520456,133400020,1889065000,2679715000,790650000,94689.275,26900
2026-07-13,DBC,49.0,2.97,204938921,211212784,2314508700,5419510000,3105001300,56363.325,16900
2026-07-13,DCM,49.0,13.76,223703145,259406000,-10748780000,93320000,10842100000,73290.445,32550
2026-07-13,DGW,49.0,47.2,57257873,108446882,8106020000,13921425000,5815405000,30814.94,38550
2026-07-13,DIG,49.0,4.1,374249879,390251283,12848210000,16253005000,3404795000,154423.215,12650
2026-07-13,DPM,50.0,7.47,314595689,339995380,-8906260000,6008310000,14914570000,82301.2,23400
2026-07-13,DSE,100.0,10.66,382605721,428249806,-1348760000,187580000,1536340000,16147.5,22400
2026-07-13,DXG,50.0,37.88,394437616,634926225,15880748600,16835319000,954570400,110018.16,12100
2026-07-13,DXS,50.0,13.81,249570041,289551562,516026000,695700000,179674000,8485.014,7010
2026-07-13,EIB,29.97,7.24,519517594,560090574,13927340000,14050190000,122850000,182317.0,19350
2026-07-13,EVF,15.0,1.89,111923163,114084870,449192500,1425182500,975990000,52692.65,12750
2026-07-13,FPT,49.0,56.57,362515471,834718489,-76426535600,32555447100,108981982700,547056.6,70500
2026-07-13,FRT,49.0,63.92,30108236,83447874,-1226731300,846370000,2073101300,24968.41,113300
2026-07-13,FTS,100.0,24.77,286727264,381145750,3004271000,3403140000,398869000,82555.96,25750
2026-07-13,GAS,49.0,4.16,1133112629,1182345380,1528886300,6246890000,4718003700,69215.65,75400
2026-07-13,GEE,50.0,1.98,313893980,320249605,11875321000,15112541000,3237220000,86752.16,80400
2026-07-13,GEX,50.0,14.56,558981230,654235679,45032638500,71758033500,26725395000,339757.14,26000
2026-07-13,GMD,49.0,82.81,35922456,208982603,56587218000,69525100000,12937882000,115436.32,75300
2026-07-13,GVR,13.0,4.84,494814820,520000000,8467465000,12089825000,3622360000,59334.355,29500
2026-07-13,HAG,49.0,3.72,597939401,621059294,-11277750,43350000,54627750,26899.88,14650
2026-07-13,HCM,49.0,70.19,157868006,529590573,-30566820000,1168045000,31734865000,233219.655,27600
2026-07-13,HDB,27.0,79.69,274441550,1351424607,58919085000,75727370000,16808285000,412548.7,26700
2026-07-13,HDC,49.0,2.43,109828355,112559097,526430000,965250000,438820000,16494.42,14350
2026-07-13,HDG,50.0,33.42,135477386,203478666,-874401600,996975000,1871376600,33413.12,18900
2026-07-13,HHV,49.0,20.08,214284464,268111485,-3710452400,1512972500,5223424900,41332.4,10450
2026-07-13,HPG,49.0,43.5,2337340878,4137052614,-109116871650,9111523100,118228394750,730005.555,22400
2026-07-13,HSG,49.0,6.67,369180889,395558724,3443847200,4611260000,1167412800,40168.785,11250
2026-07-13,HT1,49.0,4.29,178965325,186979056,80610000,305955000,225345000,6111.255,12650
2026-07-13,IMP,77.96,93.22,8142742,120091737,-35925000,0,35925000,231.735,39600
2026-07-13,KBC,49.0,15.5,389942308,461459831,-1687485700,2263464300,3950950000,46821.88,28250
2026-07-13,KDC,50.0,27.41,105178895,144903158,-331582150,91862500,423444650,3628.465,49800
2026-07-13,KDH,50.0,50.05,280282664,561107449,-2712230000,29264060000,31976290000,122524.78,19800
2026-07-13,KOS,49.0,0.23,105836594,106075854,-387115000,0,387115000,894.565,38050
2026-07-13,LPB,5.0,22.44,115853069,149364105,-1944870000,4608690000,6553560000,114743.59,51600
2026-07-13,MBB,23.24,95.8,78552798,1871587283,81950385000,123785205000,41834820000,393748.74,24450
2026-07-13,MSB,30.0,25.39,698319737,936000000,9666575000,23499600000,13833025000,164118.055,16000
2026-07-13,MSN,106.16,23.94,1167412982,1534951081,-13118132000,71757600000,84875732000,371605.18,67900
2026-07-13,MWG,49.0,100.0,0,720149656,9240947000,11896137000,2655190000,284546.67,76000
2026-07-13,NAB,30.0,4.01,592879757,617646684,-3251260000,1107155000,4358415000,34793.945,12950
2026-07-13,NKG,50.0,9.0,223997571,246161980,-1035770000,233970000,1269740000,22992.515,11700
2026-07-13,NLG,50.0,81.06,45946323,242548691,6002820000,7762660000,1759840000,44312.235,25350
2026-07-13,NT2,49.0,21.84,110253247,141059254,-1536045000,23460000,1559505000,8971.685,21300
2026-07-13,NVL,49.0,9.98,1059590953,1177013306,5372857500,23073403600,17700546100,132749.76,12150
2026-07-13,OCB,22.0,89.2,63282173,585871502,-1405440000,2650400000,4055840000,59550.06,10850
2026-07-13,PAN,49.0,45.59,68810639,126455768,-575175800,150840000,726015800,10343.955,21750
2026-07-13,PC1,50.0,17.43,169807782,205642671,5671310000,6279030000,607720000,38155.745,21250
2026-07-13,PDR,50.0,12.94,434324269,498904689,5183895000,13671650000,8487755000,131628.235,13800
2026-07-13,PHR,49.0,24.83,49907907,66394607,-962150000,540360000,1502510000,13177.5,61600
2026-07-13,PLX,20.0,69.79,78168660,258775616,-3008905000,226865000,3235770000,59574.715,35550
2026-07-13,PNJ,49.0,96.99,7559394,250826843,-46395188650,77727107350,124122296000,299520.27,43850
2026-07-13,POW,50.0,9.45,1388951073,1533922844,10284390000,14592245000,4307855000,183304.46,13800
2026-07-13,PVD,50.0,19.85,222932292,278148003,-2714967500,10366441600,13081409100,135408.205,31050
2026-07-13,PVT,49.0,25.84,170774514,230266305,-14008370000,1385100000,15393470000,46789.49,18950
2026-07-13,REE,49.0,100.0,0,305220527,-26580600,67823050,94403650,29913.04,46150
2026-07-13,SAB,100.0,58.65,530345422,1282562372,704290000,5961450000,5257160000,41860.33,46150
2026-07-13,SBT,102.38,19.68,745369047,928026375,324870000,424540000,99670000,11378.805,21250
2026-07-13,SCS,32.25,28.38,22150720,30929304,-130665000,713910000,844575000,10234.38,48400
2026-07-13,SHB,31.31,12.66,1256217044,1438260007,-8559710000,30054810000,38614520000,974066.395,12600
2026-07-13,SIP,49.0,4.71,113046233,118635342,-452680000,2480000,455160000,4579.59,49250
2026-07-13,SJS,50.0,1.13,147058433,148737414,8610000,22800000,14190000,952.58,47800
2026-07-13,SSB,30.0,1.04,1017903183,1028640000,-3507690000,2186145000,5693835000,39544.585,15650
2026-07-13,SSI,100.0,31.2,1722238753,2503089220,-62374026850,7823411550,70197438400,906039.25,25650
2026-07-13,STB,30.0,37.98,350762123,565564714,-18179940000,10792970000,28972910000,300608.83,68500
2026-07-13,SZC,20.0,6.35,33711568,35997172,-190995000,167040000,358035000,7679.7,20550
2026-07-13,TCB,22.54,95.63,69817258,1597139381,48721029800,124843897050,76122867250,635175.96,32350
2026-07-13,TCH,51.0,19.98,372224734,465175704,7662745000,8780910000,1118165000,58724.255,13800
2026-07-13,TPB,30.0,78.16,181767887,832214061,-34921290000,2681645000,37602935000,229404.14,15550
2026-07-13,VCB,30.0,67.36,818224979,2506702528,-92256166800,5603427200,97859594000,403000.53,58900
2026-07-13,VCG,49.0,4.69,301908667,316769484,-5804540400,979550000,6784090400,113371.25,19800
2026-07-13,VCI,100.0,18.15,939355487,1147631925,-8223909200,4741385000,12965294200,282795.425,23700
2026-07-13,VGC,49.0,1.93,215449900,219691500,-3636975000,28770000,3665745000,12938.95,41800
2026-07-13,VHC,100.0,18.95,169768208,209453159,129650000,905500000,775850000,24421.6,57000
2026-07-13,VHM,50.0,15.06,1744483826,2053706002,129233074900,237941009900,108707935000,866932.15,143000
2026-07-13,VIB,4.99,78.68,36216629,169859884,-49686047500,1181167500,50867215000,189046.1,15500
2026-07-13,VIC,48.19,6.59,3468715513,3713436895,49562612800,189061751800,139499139000,840497.54,221500
2026-07-13,VIX,100.0,7.42,2268549727,2450287772,-2638062500,7447439750,10085502250,786258.73,14650
2026-07-13,VJC,30.0,21.0,182272007,230727888,-25104615300,7456271900,32560887200,130491.45,134400
2026-07-13,VND,100.0,8.2,1397509759,1522299908,3068190000,21059220000,17991030000,433319.115,17500
2026-07-13,VNM,100.0,48.71,1071906575,2089955445,4479951500,18608273600,14128322100,108943.8,55400
2026-07-13,VPB,30.0,79.72,482753531,2380177080,-100578221400,49501315000,150079536400,573612.505,26400
2026-07-13,VPI,49.0,19.85,125691276,156824292,7259120000,9192350000,1933230000,52711.61,61100
2026-07-13,VPL,49.0,3.83,845037324,878717184,-501670000,2579190000,3080860000,69814.11,82900
2026-07-13,VRE,49.0,24.43,862302598,1141121020,1787725000,28327915000,26540190000,146508.855,25900
2026-07-13,VSC,49.0,3.5,177020065,183441477,17634079000,21348484000,3714405000,129561.655,15550
2026-07-13,VTP,49.0,8.03,77523249,84294650,-1254560000,49420000,1303980000,22390.96,61400
2026-07-14,ACB,30.0,81.85,316045366,1741326587,26739155800,43875080800,17135925000,416646.49,22850
2026-07-14,ANV,49.0,5.9,122958195,130667075,-227805000,432995000,660800000,6324.19,18800
2026-07-14,BAF,50.0,5.77,171889753,182412453,-6509415000,1277660000,7787075000,32603.715,29800
2026-07-14,BCM,34.0,2.34,343669114,351900000,1621135000,1820150000,199015000,14637.905,47050
2026-07-14,BID,30.0,58.52,905903044,2184019563,-15294740000,1382400000,16677140000,109344.93,40250
2026-07-14,BMP,100.0,81.81,14890672,81860938,16712797800,22233640000,5520842200,30120.53,150900
2026-07-14,BSI,100.0,35.59,173856536,269901549,-1056875000,108405000,1165280000,13650.355,33000
2026-07-14,BSR,49.0,2.42,2394166170,2453576846,73366840000,95459335000,22092495000,499488.925,27200
2026-07-14,BVH,49.0,55.59,161548345,363738154,7082060000,8126710000,1044650000,19103.94,58600
2026-07-14,BWE,49.0,4.93,102447799,107765035,2070315000,2124575000,54260000,5912.95,45300
2026-07-14,CII,40.0,8.78,245183853,268794116,3324087850,3378910000,54822150,100906.98,16500
2026-07-14,CMG,50.0,73.11,31318422,116477304,60030000,60030000,0,3559.62,26250
2026-07-14,CTD,49.0,95.64,2437165,55872968,6594568000,12213680000,5619112000,31730.88,67500
2026-07-14,CTG,30.0,82.24,413915834,2330083391,-107077966000,30426565000,137504531000,362723.265,32600
2026-07-14,CTR,49.0,8.76,51140224,56049080,-8431290000,83130000,8514420000,13530.89,72500
2026-07-14,CTS,49.0,1.21,131786197,133400020,3367725000,5292215000,1924490000,50096.81,27150
2026-07-14,DBC,49.0,2.92,205040242,211212784,2570074450,3872047450,1301973000,27092.505,17250
2026-07-14,DCM,49.0,13.41,224627829,259406000,10465415000,16112320000,5646905000,88989.875,33650
2026-07-14,DGW,49.0,47.09,57380173,108446882,714325150,1405280000,690954850,13728.075,39000
2026-07-14,DIG,49.0,4.08,374334079,390251283,1088205000,3578150000,2489945000,76984.045,12600
2026-07-14,DPM,50.0,7.64,314035728,339995380,13785785900,22207325000,8421539100,156224.095,24400
2026-07-14,DSE,100.0,10.68,382509721,428249806,2400595000,2400595000,0,11992.845,22650
2026-07-14,DXG,50.0,37.91,394242440,634926225,-10225701150,13342830000,23568531150,123404.485,12300
2026-07-14,DXS,50.0,13.87,249385241,289551562,1712775000,1726803000,14028000,12946.309,7180
2026-07-14,EIB,29.97,7.23,519577194,560090574,-10276430000,3323810000,13600240000,52153.045,19500
2026-07-14,EVF,15.0,1.81,112022463,114084870,-106240000,0,106240000,14753.8,12850
2026-07-14,FPT,49.0,56.54,362796169,834718489,-81621653100,32269223000,113890876100,466514.85,70300
2026-07-14,FRT,49.0,63.91,30118199,83447874,561849000,2930360000,2368511000,10804.99,113600
2026-07-14,FTS,100.0,24.76,286769018,381145750,614281550,3068675950,2454394400,27733.54,25650
2026-07-14,GAS,49.0,4.2,1132731213,1182345380,23799502000,32440790000,8641288000,175186.79,78500
2026-07-14,GEE,50.0,2.01,313818315,320249605,9466019700,10554509700,1088490000,83342.85,81900
2026-07-14,GEX,50.0,14.17,561498149,654235679,4069426800,18924165000,14854738200,240619.76,26500
2026-07-14,GMD,49.0,83.03,35468941,208982603,24893796700,47673360000,22779563300,186140.65,77500
2026-07-14,GVR,13.0,4.87,494667020,520000000,8719700000,9287475000,567775000,41671.065,30500
2026-07-14,HAG,49.0,3.72,597961436,621059294,1321403600,1341800000,20396400,24930.78,14650
2026-07-14,HCM,49.0,70.23,157678406,529590573,6983300000,10221050000,3237750000,96884.92,27100
2026-07-14,HDB,27.0,79.71,274155350,1351424607,12334418750,23795275000,11460856250,255473.885,26800
2026-07-14,HDC,49.0,2.47,109783355,112559097,1254340000,1456015000,201675000,13938.735,14350
2026-07-14,HDG,50.0,33.52,135263827,203478666,4035815000,6125800000,2089985000,23834.74,19150
2026-07-14,HHV,49.0,20.29,213721119,268111485,13554725000,13559930000,5205000,27913.145,10650
2026-07-14,HPG,49.0,43.53,2336036507,4137052614,-48961243700,51494049150,100455292850,500298.33,22500
2026-07-14,HSG,49.0,6.66,369199591,395558724,943633000,994780000,51147000,25701.09,11550
2026-07-14,HT1,49.0,4.29,178952025,186979056,621595000,645640000,24045000,2599.945,12700
2026-07-14,IMP,77.96,93.22,8146605,120091737,-62580000,0,62580000,347.6,39000
2026-07-14,KBC,49.0,15.48,390017636,461459831,-3265900650,3073565000,6339465650,28136.6,28500
2026-07-14,KDC,50.0,27.41,105191945,144903158,4870000,24750000,19880000,3425.47,50000
2026-07-14,KDH,50.0,49.86,281315464,561107449,-8324070000,16188788000,24512858000,64478.2,19900
2026-07-14,KOS,49.0,0.22,105842994,106075854,-109105000,0,109105000,6335.71,38050
2026-07-14,LPB,5.0,22.58,115640769,149364105,9625990000,15424550000,5798560000,118143.02,51500
2026-07-14,MBB,23.24,95.77,79231325,1871587283,-9755077000,53879288000,63634365000,297539.835,24550
2026-07-14,MSB,30.0,25.48,697525337,936000000,15618544900,27283355000,11664810100,124963.785,16200
2026-07-14,MSN,106.16,23.89,1168327270,1534951081,17803842000,55685500000,37881658000,160521.66,68400
2026-07-14,MWG,49.0,100.0,0,720149656,-6883150000,5427390000,12310540000,211677.21,76800
2026-07-14,NAB,30.0,4.01,592867057,617646684,4852560000,5336850000,484290000,27078.84,13050
2026-07-14,NKG,50.0,9.06,223862471,246161980,1975500000,1990580000,15080000,15250.875,11800
2026-07-14,NLG,50.0,80.95,46194603,242548691,-9608125000,3556930000,13165055000,35213.51,25300
2026-07-14,NT2,49.0,21.92,110146047,141059254,2460745000,3170590000,709845000,8124.845,21600
2026-07-14,NVL,49.0,9.95,1059907535,1177013306,383471650,14642775000,14259303350,87976.545,12200
2026-07-14,OCB,22.0,89.17,63441473,585871502,-981142200,366825000,1347967200,15985.31,10950
2026-07-14,PAN,49.0,45.62,68766239,126455768,-465252500,1267655000,1732907500,5350.565,21650
2026-07-14,PC1,50.0,17.39,169889582,205642671,-4202129550,2928710000,7130839550,31076.065,21350
2026-07-14,PDR,50.0,12.99,434115069,498904689,11517959500,11535085000,17125500,94179.635,13900
2026-07-14,PHR,49.0,24.95,49831407,66394607,4884550000,5313490000,428940000,14207.9,62900
2026-07-14,PLX,20.0,69.94,77778460,258775616,10884195000,13747750000,2863555000,131816.135,36800
2026-07-14,PNJ,49.0,97.3,6778744,250826843,69780618750,114480773750,44700155000,255936.335,46900
2026-07-14,POW,50.0,9.39,1389852873,1533922844,7136593250,12291820000,5155226750,83785.46,14100
2026-07-14,PVD,50.0,20.06,222363745,278148003,-18642813800,20737710000,39380523800,134532.535,19900
2026-07-14,PVT,49.0,26.07,170237214,230266305,2951185000,14767325000,11816140000,65552.36,19200
2026-07-14,REE,49.0,100.0,0,305220527,65997500,66460000,462500,17450.445,46150
2026-07-14,SAB,100.0,58.65,530332522,1282562372,4711520000,6008975000,1297455000,18552.125,46800
2026-07-14,SBT,102.38,19.68,745387047,928026375,944895000,970245000,25350000,13241.955,20900
2026-07-14,SCS,32.25,28.41,22142600,30929304,389858500,1065288500,675430000,7757.485,48500
2026-07-14,SHB,31.31,12.77,1254651518,1438260007,42773645650,50889912500,8116266850,544176.32,12800
2026-07-14,SIP,49.0,4.7,113060583,118635342,-235720000,73980000,309700000,2902.145,49500
2026-07-14,SJS,50.0,1.13,147057233,148737414,-14165000,14115000,28280000,1276.085,48500
2026-07-14,SSB,30.0,1.02,1018132583,1028640000,-11971050,2800815000,2812786050,32936.52,15900
2026-07-14,SSI,100.0,31.18,1722651017,2503089220,-31064030000,15805550000,46869580000,456486.795,25550
2026-07-14,STB,30.0,38.13,349890922,565564714,59773266500,73405500000,13632233500,306737.86,70400
2026-07-14,SZC,20.0,6.42,33686368,35997172,706505000,706505000,0,3526.11,20650
2026-07-14,TCB,22.54,95.39,73548698,1597139381,-42953975000,43370020000,86323995000,359560.82,32200
2026-07-14,TCH,51.0,20.2,371203147,465175704,3511269950,17054209950,13542940000,127003.37,14300
2026-07-14,TPB,30.0,78.08,182448478,832214061,-43176147500,3738615000,46914762500,110518.18,15500
2026-07-14,VCB,30.0,67.34,818710287,2506702528,-54219872000,78768787000,132988659000,167290.47,59200
2026-07-14,VCG,49.0,4.67,301970567,316769484,-6768124900,5320000,6773444900,34681.43,17600
2026-07-14,VCI,100.0,18.1,939936095,1147631925,-72581510000,147270000,72728780000,180328.1,23400
2026-07-14,VGC,49.0,1.92,215465200,219691500,-1138160000,513730000,1651890000,9889.665,42300
2026-07-14,VHC,100.0,18.89,169888008,209453159,1407589200,1808950000,401360800,9795.53,57400
2026-07-14,VHM,50.0,15.06,1744451346,2053706002,23623323200,150195053200,126571730000,614478.5,140800
2026-07-14,VIB,4.99,78.61,36336628,169859884,-13888139750,1780540000,15668679750,95441.62,15750
2026-07-14,VIC,48.19,6.58,3469105560,3713436895,-92249649500,66995445600,159245095100,747314.76,219000
2026-07-14,VIX,100.0,7.39,2269211108,2450287772,-38533182000,7013770000,45546952000,323819.245,14700
2026-07-14,VJC,30.0,20.99,182294070,230727888,-7149056200,4454128600,11603184800,122247.91,133300
2026-07-14,VND,100.0,8.15,1398235234,1522299908,3073917350,10103060000,7029142650,159056.21,17700
2026-07-14,VNM,100.0,48.73,1071583630,2089955445,23773676500,32273381000,8499704500,97780.15,56000
2026-07-14,VPB,30.0,79.58,486051829,2380177080,-83942195000,28347490000,112289685000,377857.125,26500
2026-07-14,VPI,49.0,19.94,125549776,156824292,8956320000,10984970000,2028650000,67873.97,61800
2026-07-14,VPL,49.0,3.83,845031625,878717184,3369750000,3713420000,343670000,60776.16,81800
2026-07-14,VRE,49.0,24.33,863524678,1141121020,-18253580000,19234633000,37488213000,84242.3,25600
2026-07-14,VSC,49.0,3.71,176630858,183441477,10103185000,10639255000,536070000,80259.425,15900
2026-07-14,VTP,49.0,8.03,77522549,84294650,-4946580000,1623400000,6569980000,14349.65,52500
2026-07-15,ACB,30.0,81.84,316243478,1741326587,-15415503000,35692275000,51107778000,536325.14,23100
2026-07-15,ANV,49.0,5.71,123202595,130667075,-172110000,378885000,550995000,9043.12,18350
2026-07-15,BAF,50.0,5.75,171930053,182412453,-12441765000,0,12441765000,21359.635,29600
2026-07-15,BCM,34.0,2.34,343667924,351900000,121295000,232460000,111165000,15440.58,45100
2026-07-15,BID,30.0,58.52,905935224,2184019563,-25965245000,936680000,26901925000,106956.57,39500
2026-07-15,BMP,100.0,82.08,14666772,81860938,40089448000,41669295000,1579847000,59938.41,153500
2026-07-15,BSI,100.0,35.57,173895136,269901549,58370000,555725000,497355000,16732.56,32000
2026-07-15,BSR,49.0,2.4,2394652868,2453576846,-46597420000,12299005000,58896425000,245395.32,26300
2026-07-15,BVH,49.0,55.6,161509445,363738154,544730000,4673290000,4128560000,24755.58,59000
2026-07-15,BWE,49.0,4.93,102449799,107765035,-342150000,0,342150000,3625.71,45000
2026-07-15,CII,40.0,8.8,245143913,268794116,-1263147850,742257150,2005405000,106632.525,15800
2026-07-15,CMG,50.0,73.07,31370712,116477304,-86525000,46860000,133385000,4220.64,25900
2026-07-15,CTD,49.0,95.61,2450916,55872968,-2299550000,4739120000,7038670000,17280.6,66100
2026-07-15,CTG,30.0,82.17,415525442,2330083391,-55911850000,4766595000,60678445000,210584.035,32150
2026-07-15,CTR,49.0,8.74,51149562,56049080,-2896462000,205748000,3102210000,11098.46,70000
2026-07-15,CTS,49.0,1.01,132047567,133400020,47000000,947505000,900505000,66007.34,27300
2026-07-15,DBC,49.0,2.8,205288981,211212784,-950250000,3460000,953710000,22019.135,17200
2026-07-15,DCM,49.0,13.08,225480029,259406000,-5926067200,129817800,6055885000,42046.295,32950
2026-07-15,DGW,49.0,47.01,57470135,108446882,-9247750000,0,9247750000,22566.11,37800
2026-07-15,DIG,49.0,4.16,373999279,390251283,4094010000,6515328000,2421318000,91654.14,12000
2026-07-15,DPM,50.0,7.54,314376475,339995380,-19706595000,1226190000,20932785000,57769.92,23600
2026-07-15,DSE,100.0,10.7,382419621,428249806,1869735000,2036975000,167240000,13462.69,22700
2026-07-15,DXG,50.0,38.03,393482240,634926225,7866960000,22679784000,14812824000,88312.41,12200
2026-07-15,DXS,50.0,13.86,249418141,289551562,-258098000,19241000,277339000,6041.598,6960
2026-07-15,EIB,29.97,7.14,520074134,560090574,-11976970000,1650215000,13627185000,132611.895,19450
2026-07-15,EVF,15.0,1.8,112031463,114084870,-1786365000,0,1786365000,14736.095,12700
2026-07-15,FPT,49.0,56.34,364475379,834718489,-346053237600,22378769000,368432006600,1458556.05,66800
2026-07-15,FRT,49.0,63.81,30199415,83447874,-3146720000,26600882000,29747602000,15276.2,113000
2026-07-15,FTS,100.0,24.72,286931132,381145750,-159087350,1822250000,1981337350,29930.09,25050
2026-07-15,GAS,49.0,4.2,1132665148,1182345380,7862090000,18256140000,10394050000,73508.66,77600
2026-07-15,GEE,50.0,1.99,313873185,320249605,1330572000,5993342000,4662770000,56219.95,80000
2026-07-15,GEX,50.0,14.22,561173290,654235679,-7096355000,25787475000,32883830000,255212.58,25450
2026-07-15,GMD,49.0,82.94,35650462,208982603,5324335000,11429750000,6105415000,55831.85,77000
2026-07-15,GVR,13.0,4.88,494601620,520000000,7003770000,7795695000,791925000,30467.42,30100
2026-07-15,HAG,49.0,3.72,597931928,621059294,-847545000,0,847545000,22704.93,14600
2026-07-15,HCM,49.0,70.16,158035713,529590573,-11588250000,2745370000,14333620000,267245.495,27000
2026-07-15,HDB,27.0,79.76,273569295,1351424607,1751405000,26907655000,25156250000,222542.355,26350
2026-07-15,HDC,49.0,2.44,109815555,112559097,-26585000,15625000,42210000,11726.48,14000
2026-07-15,HDG,50.0,33.41,135499627,203478666,-196770000,1159630000,1356400000,26943.11,19000
2026-07-15,HHV,49.0,20.32,213630719,268111485,-107270000,956585000,1063855000,21450.24,10500
2026-07-15,HPG,49.0,43.67,2330472238,4137052614,139011359550,175579583600,36568224050,478849.355,22400
2026-07-15,HSG,49.0,6.82,368590511,395558724,7270370000,7686815000,416445000,79989.565,11650
2026-07-15,HT1,49.0,4.31,178918425,186979056,-1280000,0,1280000,1892.025,12700
2026-07-15,IMP,77.96,93.21,8151005,120091737,-144645750,0,144645750,234.065,39000
2026-07-15,KBC,49.0,15.46,390132067,461459831,-7832413400,116461600,7948875000,25497.84,28600
2026-07-15,KDC,50.0,27.42,105173945,144903158,-344500000,307190000,651690000,5111.85,49800
2026-07-15,KDH,50.0,49.9,281089064,561107449,6253470000,25733130000,19479660000,43967.805,19500
2026-07-15,KOS,49.0,0.23,105830694,106075854,-841695000,516650000,1358345000,5814.5,36050
2026-07-15,LPB,5.0,22.49,115770169,149364105,8546200000,13878700000,5332500000,119140.3,51500
2026-07-15,MBB,23.24,95.72,80107805,1871587283,-42415928300,32401861500,74817789800,306425.27,23950
2026-07-15,MSB,30.0,25.61,696333964,936000000,10673055000,34219710000,23546655000,178395.22,16300
2026-07-15,MSN,106.16,23.91,1167903130,1534951081,27630710000,68440040000,40809330000,178836.23,68000
2026-07-15,MWG,49.0,100.0,0,720149656,-2473360000,6561308894,9034668894,137319.7,76200
2026-07-15,NAB,30.0,4.02,592842557,617646684,-2233990000,819090000,3053080000,30337.115,13000
2026-07-15,NKG,50.0,9.04,223910271,246161980,-5900000,10620000,16520000,12672.965,11800
2026-07-15,NLG,50.0,81.05,45968403,242548691,3568590000,13456545000,9887955000,39620.21,24900
2026-07-15,NT2,49.0,21.88,110197047,141059254,302235000,349575000,47340000,4817.695,21550
2026-07-15,NVL,49.0,9.93,1060106344,1177013306,-13446869150,13038657250,26485526400,123753.51,11850
2026-07-15,OCB,22.0,89.06,64076073,585871502,-3373060000,174685000,3547745000,13717.22,10750
2026-07-15,PAN,49.0,45.57,68826039,126455768,-234275000,235045000,469320000,3441.33,21300
2026-07-15,PC1,50.0,17.3,170076662,205642671,3343220000,6389820000,3046600000,50391.095,21600
2026-07-15,PDR,50.0,13.1,433551714,498904689,1443780000,8193520000,6749740000,86209.44,13700
2026-07-15,PHR,49.0,24.94,49832607,66394607,-75340000,659230000,734570000,9850.99,61900
2026-07-15,PLX,20.0,69.84,78048560,258775616,-3382130000,909340000,4291470000,54422.93,36050
2026-07-15,PNJ,49.0,97.46,6365788,250826843,-108009980550,86977115700,194987096250,360424.385,43650
2026-07-15,POW,50.0,9.28,1391573378,1533922844,-447771700,7332585000,7780356700,70912.38,13900
2026-07-15,PVD,50.0,20.09,222257201,278148003,-38401056500,20017110000,58418166500,132243.845,19650
2026-07-15,PVT,49.0,25.73,171014014,230266305,-20908270000,829210000,21737480000,42727.355,18700
2026-07-15,REE,49.0,100.0,0,305220527,-4166500,463500,4630000,9129.785,46200
2026-07-15,SAB,100.0,58.65,530353222,1282562372,-205180000,2409160000,2614340000,14446.31,46050
2026-07-15,SBT,102.38,19.7,745250147,928026375,2252075500,3051025000,798949500,18347.86,21000
2026-07-15,SCS,32.25,28.22,22200200,30929304,82905000,291525000,208620000,7189.37,48550
2026-07-15,SHB,31.31,12.71,1255475982,1438260007,-10930572500,2167130000,13097702500,378714.51,12600
2026-07-15,SIP,49.0,4.7,113063583,118635342,-625495000,0,625495000,2362.705,49000
2026-07-15,SJS,50.0,1.13,147056533,148737414,9455000,9455000,0,453.385,48300
2026-07-15,SSB,30.0,1.01,1018201386,1028640000,-714830000,2786870000,3501700000,32936.36,15800
2026-07-15,SSI,100.0,31.12,1724062756,2503089220,-71750006600,22891920000,94641926600,500984.585,24700
2026-07-15,STB,30.0,38.2,349503563,565564714,34944120000,50055230000,15111110000,212283.84,69800
2026-07-15,SZC,20.0,6.36,33706768,35997172,-220510000,0,220510000,3195.705,20400
2026-07-15,TCB,22.54,95.29,75289214,1597139381,-65020735850,21202954150,86223690000,258710.95,31500
2026-07-15,TCH,51.0,20.01,372080147,465175704,-11258535000,1767580000,13026115000,44599.145,13900
2026-07-15,TPB,30.0,77.92,183713383,832214061,-43344664000,781730000,44126394000,114061.805,15300
2026-07-15,VCB,30.0,67.33,819056578,2506702528,8021991600,37882490000,29860498400,155359.36,59200
2026-07-15,VCG,49.0,4.98,300978567,316769484,12484000400,17924395000,5440394600,69109.535,17750
2026-07-15,VCI,100.0,18.07,940198395,1147631925,-25862610000,1125795000,26988405000,204953.275,22400
2026-07-15,VGC,49.0,1.89,215537300,219691500,-1065645000,104530000,1170175000,10289.215,41500
2026-07-15,VHC,100.0,18.9,169869628,209453159,490310000,1472730000,982420000,11563.45,56800
2026-07-15,VHM,50.0,15.05,1744535598,2053706002,-56851295700,118096235800,174947531500,623397.82,136000
2026-07-15,VIB,4.99,77.8,37707528,169859884,-23362598600,1087430000,24450028600,87609.03,15450
2026-07-15,VIC,48.19,6.59,3468805053,3713436895,-67991085700,117523090000,185514175700,796981.07,217000
2026-07-15,VIX,100.0,7.4,2268879431,2450287772,-42595705000,20805020000,63400725000,716104.16,13950
2026-07-15,VJC,30.0,20.97,182334130,230727888,-17062880000,2095610000,19158490000,120037.27,129700
2026-07-15,VND,100.0,8.07,1399444176,1522299908,-129746750,5038985000,5168731750,177803.46,17250
2026-07-15,VNM,100.0,48.76,1070912456,2089955445,27269831100,43556125900,16286294800,139510.61,56200
2026-07-15,VPB,30.0,79.42,489919882,2380177080,-54501277650,6380925650,60882203300,336828.445,25800
2026-07-15,VPI,49.0,20.02,125428176,156824292,5163610000,9947070000,4783460000,64618.85,61800
2026-07-15,VPL,49.0,3.83,845030123,878717184,-1755926200,416443800,2172370000,69691.86,81800
2026-07-15,VRE,49.0,24.2,864976900,1141121020,-24903015000,11646990000,36550005000,102515.375,24800
2026-07-15,VSC,49.0,3.81,176445833,183441477,-2452280000,3990880000,6443160000,88284.885,15000
2026-07-15,VTP,49.0,8.0,77553032,84294650,-679443200,41966800,721410000,11201.75,51900
2026-07-16,ACB,30.0,82.37,307000643,1741326587,217505535750,266210880750,48705345000,1071959.975,23750
2026-07-16,ANV,49.0,5.79,123097095,130667075,-838680000,2873090000,3711770000,15652.355,18350
2026-07-16,BAF,50.0,5.71,171993553,182412453,-969545000,928280000,1897825000,20215.73,29650
2026-07-16,BCM,34.0,2.34,343648114,351900000,985835000,990365000,4530000,22034.03,44100
2026-07-16,BID,30.0,58.5,906454515,2184019563,-21489502000,4052003000,25541505000,175201.11,39300
2026-07-16,BMP,100.0,82.1,14653552,81860938,268047000,4113187000,3845140000,13216.12,151400
2026-07-16,BSI,100.0,35.61,173793636,269901549,1256180000,3729550000,2473370000,22447.03,32300
2026-07-16,BSR,49.0,2.42,2394244241,2453576846,8878550000,27978130000,19099580000,241206.46,26000
2026-07-16,BVH,49.0,55.75,160957745,363738154,18266660000,21903220000,3636560000,39685.35,60500
2026-07-16,BWE,49.0,4.93,102453599,107765035,-1573571100,31560000,1605131100,14007.915,45550
2026-07-16,CII,40.0,9.33,243717911,268794116,6920463350,18920275750,11999812400,198501.02,16000
2026-07-16,CMG,50.0,73.06,31376296,116477304,563305000,581015000,17710000,4360.26,25900
2026-07-16,CTD,49.0,95.76,2367116,55872968,9447670400,9948810000,501139600,32028.5,66200
2026-07-16,CTG,30.0,82.03,418818026,2330083391,-84927729800,15950356500,100878086300,333752.81,32300
2026-07-16,CTR,49.0,8.61,51225470,56049080,1915818800,3906848800,1991030000,26800.3,70000
2026-07-16,CTS,49.0,1.17,131837967,133400020,3678475000,6344880000,2666405000,81476.995,27200
2026-07-16,DBC,49.0,2.96,204958381,211212784,5094210800,5426675000,332464200,54492.02,17750
2026-07-16,DCM,49.0,12.98,225733420,259406000,-2348047500,2676882500,5024930000,62479.07,32400
2026-07-16,DGW,49.0,47.34,57113035,108446882,7641100000,12941195000,5300095000,46517.655,38000
2026-07-16,DIG,49.0,4.35,373291979,390251283,652235000,10103640000,9451405000,122505.015,12450
2026-07-16,DPM,50.0,7.45,314678275,339995380,-15836585000,3157780000,18994365000,79964.48,23750
2026-07-16,DSE,100.0,10.71,382384021,428249806,1207255000,2310975000,1103720000,13682.26,22750
2026-07-16,DXG,50.0,38.1,393025540,634926225,-22971671850,10043585000,33015256850,139438.45,12200
2026-07-16,DXS,50.0,13.9,249293541,289551562,201096000,855838000,654742000,16577.43,6840
2026-07-16,EIB,29.97,7.16,519991434,560090574,-25973555000,2788715000,28762270000,152876.43,19050
2026-07-16,EVF,15.0,2.0,111807063,114084870,1287615000,2753330000,1465715000,39769.145,12650
2026-07-16,FPT,49.0,56.41,363879911,834718489,-95762157300,136526808800,232288966100,864754.79,68000
2026-07-16,FRT,49.0,63.8,30205041,83447874,-2780611000,2924669000,5705280000,24598.24,111400
2026-07-16,FTS,100.0,24.76,286784832,381145750,3098279500,6721805000,3623525500,52161.9,25050
2026-07-16,GAS,49.0,4.2,1132654433,1182345380,4539714000,11197204000,6657490000,76034.81,77400
2026-07-16,GEE,50.0,2.06,313655575,320249605,3788232400,20954126700,17165894300,164562.04,82100
2026-07-16,GEX,50.0,14.41,559942289,654235679,-4555058750,47475243450,52030302200,319007.75,25350
2026-07-16,GMD,49.0,83.18,35155120,208982603,31229270000,40837350000,9608080000,202903.64,79000
2026-07-16,GVR,13.0,4.9,494545820,520000000,-373095000,2566240000,2939335000,36573.365,30250
2026-07-16,HAG,49.0,3.72,597957693,621059294,-278375000,125030000,403405000,34614.58,14600
2026-07-16,HCM,49.0,69.98,159008313,529590573,7615890000,10211690000,2595800000,247807.045,24900
2026-07-16,HDB,27.0,79.92,271421595,1351424607,74926790000,83023850000,8097060000,360932.925,27150
2026-07-16,HDC,49.0,2.52,109725055,112559097,745585000,1374615000,629030000,21723.16,13800
2026-07-16,HDG,50.0,33.5,135312359,203478666,-8611835000,4824535000,13436370000,44711.985,18300
2026-07-16,HHV,49.0,20.26,213793548,268111485,989535000,2658735000,1669200000,28028.69,10350
2026-07-16,HPG,49.0,43.54,2335785006,4137052614,-12692203600,27280073850,39972277450,506024.94,22200
2026-07-16,HSG,49.0,6.76,368817411,395558724,-4330133000,138840000,4468973000,46417.425,11600
2026-07-16,HT1,49.0,4.29,178965425,186979056,-2990000,37650000,40640000,1887.13,12750
2026-07-16,IMP,77.96,93.21,8152105,120091737,-38900000,0,38900000,97.29,40300
2026-07-16,KBC,49.0,15.48,390018541,461459831,-11475042000,3869340000,15344382000,40666.375,28400
2026-07-16,KDC,50.0,27.41,105183829,144903158,-781514000,0,781514000,3327.82,49700
2026-07-16,KDH,50.0,50.04,280314664,561107449,-30506357600,28993345000,59499702600,162069.235,19000
2026-07-16,KOS,49.0,0.24,105816594,106075854,752015000,1358460000,606445000,4851.025,36200
2026-07-16,LPB,5.0,22.6,115600869,149364105,-27100000,16359200000,16386300000,85502.5,52000
2026-07-16,MBB,23.24,95.72,80188775,1871587283,-75217550000,25271945000,100489495000,349008.27,24150
2026-07-16,MSB,30.0,25.56,696776465,936000000,7158013950,15825860000,8667846050,134817.885,16350
2026-07-16,MSN,106.16,23.92,1167779657,1534951081,8817440000,60762690000,51945250000,231868.65,68000
2026-07-16,MWG,49.0,100.0,0,720149656,-36797160000,19113130000,55910290000,330400.52,76700
2026-07-16,NAB,30.0,4.05,592612557,617646684,4375941400,6970710000,2594768600,39972.03,13050
2026-07-16,NKG,50.0,9.0,223996471,246161980,-126660000,13910000,140570000,18036.745,11550
2026-07-16,NLG,50.0,81.0,46072303,242548691,1528725000,6346040000,4817315000,49460.23,24800
2026-07-16,NT2,49.0,21.94,110109247,141059254,883310000,2990120000,2106810000,18546.73,21300
2026-07-16,NVL,49.0,10.26,1056285863,1177013306,44622660000,55155265000,10532605000,302666.875,12650
2026-07-16,OCB,22.0,89.06,64096773,585871502,23461400,1333570000,1310108600,25337.585,10800
2026-07-16,PAN,49.0,45.58,68814823,126455768,803155000,1020305000,217150000,10840.175,21250
2026-07-16,PC1,50.0,17.43,169806462,205642671,2547325000,8923140000,6375815000,68056.585,22250
2026-07-16,PDR,50.0,13.31,432507114,498904689,2775275000,17678440000,14903165000,132273.42,13600
2026-07-16,PHR,49.0,24.97,49815507,66394607,1713620000,2782970000,1069350000,20815.73,61600
2026-07-16,PLX,20.0,69.83,78080360,258775616,-3228727650,2766565000,5995292650,73574.935,35900
2026-07-16,PNJ,49.0,97.5,6261147,250826843,-147673099000,132855537000,280528636000,601633.68,40900
2026-07-16,POW,50.0,9.36,1390359808,1533922844,3671183850,20878003250,17206819400,154396.91,14100
2026-07-16,PVD,50.0,20.01,222487314,278148003,-10629985000,18340675000,28970660000,99084.405,19900
2026-07-16,PVT,49.0,25.54,171464114,230266305,1182209500,6153315000,4971105500,44959.295,18550
2026-07-16,REE,49.0,100.0,0,305220527,22411250,27011250,4600000,22528.115,45850
2026-07-16,SAB,100.0,58.65,530320722,1282562372,-1816590000,4871630000,6688220000,23756.125,46350
2026-07-16,SBT,102.38,19.7,745184752,928026375,1682401550,2112120000,429718450,16880.69,21050
2026-07-16,SCS,32.25,28.25,22192690,30929304,-2777996500,605178500,3383175000,6853.475,48100
2026-07-16,SHB,31.31,13.04,1250739635,1438260007,48730890000,65671170000,16940280000,565419.54,12700
2026-07-16,SIP,49.0,4.69,113069133,118635342,-488520000,158980000,647500000,5005.78,48050
2026-07-16,SJS,50.0,1.13,147055033,148737414,-42985000,0,42985000,1526.27,48000
2026-07-16,SSB,30.0,1.0,1018375086,1028640000,-448556800,2847690000,3296246800,32510.815,16000
2026-07-16,SSI,100.0,31.11,1724337834,2503089220,-132117745000,72936335000,205054080000,841796.955,25000
2026-07-16,STB,30.0,38.26,349199463,565564714,-9976024000,50558520000,60534544000,518118.86,71800
2026-07-16,SZC,20.0,6.48,33666268,35997172,690445000,869225000,178780000,7904.44,20150
2026-07-16,TCB,22.54,95.33,74622228,1597139381,-60003320000,41987175000,101990495000,458374.495,31900
2026-07-16,TCH,51.0,20.09,371730747,465175704,-26132510400,4745970000,30878480400,91870.915,13800
2026-07-16,TPB,30.0,77.75,185169183,832214061,-67426303400,11791705000,79218008400,214476.25,15400
2026-07-16,VCB,30.0,67.26,820580506,2506702528,-6555189700,32453319000,39008508700,197144.61,59400
2026-07-16,VCG,49.0,4.83,301456571,316769484,-245413800,1979770000,2225183800,70770.135,17350
2026-07-16,VCI,100.0,18.12,939689786,1147631925,-61190380000,15253080000,76443460000,305847.235,21850
2026-07-16,VGC,49.0,1.87,215594000,219691500,623095000,1335100000,712005000,14332.375,41800
2026-07-16,VHC,100.0,18.9,169865528,209453159,-754910000,1201710000,1956620000,12493.28,56700
2026-07-16,VHM,50.0,15.09,1743826528,2053706002,153660060000,219543950000,65883890000,650531.56,142800
2026-07-16,VIB,4.99,76.45,40010328,169859884,2131220000,14311705000,12180485000,114184.515,15450
2026-07-16,VIC,48.19,6.61,3467879880,3713436895,252772877700,328380713500,75607835800,890316.04,223000
2026-07-16,VIX,100.0,7.6,2263950775,2450287772,37114492000,89291303000,52176811000,754916.77,14050
2026-07-16,VJC,30.0,20.92,182457618,230727888,-3690650000,10390590000,14081240000,122416.34,132500
2026-07-16,VND,100.0,8.32,1395646476,1522299908,41357310000,62900445000,21543135000,413135.695,17650
2026-07-16,VNM,100.0,48.77,1070637336,2089955445,17744957600,34059047600,16314090000,111060.61,56200
2026-07-16,VPB,30.0,79.33,492060665,2380177080,-85516095000,49631200000,135147295000,573335.77,26000
2026-07-16,VPI,49.0,20.14,125247276,156824292,8260030000,15846480000,7586450000,98204.41,61900
2026-07-16,VPL,49.0,3.85,844916025,878717184,8313540000,9895240000,1581700000,65243.02,81900
2026-07-16,VRE,49.0,24.29,863898610,1141121020,-51365990000,37811530000,89177520000,154118.62,25050
2026-07-16,VSC,49.0,4.45,175286658,183441477,12887195200,20110015000,7222819800,98274.385,15150
2026-07-16,VTP,49.0,8.0,77552342,84294650,-1338117800,489138500,1827256300,27374.57,51400
2026-07-17,ACB,30.0,82.29,308343427,1741326587,-41621498950,27819440750,69440939700,240800.965,23550
2026-07-17,ANV,49.0,5.66,123268995,130667075,-610540000,36360000,646900000,5414.57,18100
2026-07-17,BAF,50.0,5.65,172114895,182412453,2849042250,3876537900,1027495650,19078.085,29750
2026-07-17,BCM,34.0,2.35,343642014,351900000,-807520500,300649500,1108170000,11050.11,44000
2026-07-17,BID,30.0,58.49,906674069,2184019563,-3539259400,10262120000,13801379400,74330.755,38800
2026-07-17,BMP,100.0,82.13,14631332,81860938,1966788000,5515211000,3548423000,13375.28,151600
2026-07-17,BSI,100.0,35.57,173903736,269901549,-1009945000,0,1009945000,7556.56,32050
2026-07-17,BSR,49.0,2.42,2394305941,2453576846,-39758510000,17089690000,56848200000,184533.105,24900
2026-07-17,BVH,49.0,55.67,161236945,363738154,-2818420000,2020070000,4838490000,18886.11,60000
2026-07-17,BWE,49.0,4.93,102456399,107765035,-235615000,31675000,267290000,3797.385,45300
2026-07-17,CII,40.0,8.97,244671836,268794116,728522650,809617650,81095000,69762.67,15350
2026-07-17,CMG,50.0,73.06,31376996,116477304,-91300000,5200000,96500000,1950.105,26100
2026-07-17,CTD,49.0,95.75,2373607,55872968,-9183410000,115710000,9299120000,27506.62,63500
2026-07-17,CTG,30.0,81.86,422563992,2330083391,-49115830000,1672050000,50787880000,117050.425,32000
2026-07-17,CTR,49.0,8.41,51333470,56049080,967028700,2874100000,1907071300,7752.75,69500
2026-07-17,CTS,49.0,1.13,131893967,133400020,-3546535000,1850160000,5396695000,66558.38,26100
2026-07-17,DBC,49.0,2.95,204972089,211212784,-5213445000,392030000,5605475000,21780.51,17450
2026-07-17,DCM,49.0,12.95,225802745,259406000,-10944205000,433125000,11377330000,35128.195,31700
2026-07-17,DGW,49.0,47.44,57004235,108446882,4173130000,5946845000,1773715000,12103.445,37400
2026-07-17,DIG,49.0,4.21,373804279,390251283,-414925000,4055675000,4470600000,69140.64,12050
2026-07-17,DPM,50.0,7.41,314785875,339995380,-10665065000,718960000,11384025000,37023.05,23500
2026-07-17,DSE,100.0,10.7,382433221,428249806,-1102880000,0,1102880000,9749.865,22600
2026-07-17,DXG,50.0,37.88,394423645,634926225,-5672120000,15730000,5687850000,70683.24,12200
2026-07-17,DXS,50.0,13.87,249393441,289551562,-1551054000,66543000,1617597000,7937.544,6700
2026-07-17,EIB,29.97,7.04,520684434,560090574,-6932535000,63935000,6996470000,43189.815,19000
2026-07-17,EVF,15.0,1.92,111894763,114084870,-3780000,10080000,13860000,11633.03,12650
2026-07-17,FPT,49.0,56.07,366666329,834718489,-10879690800,32355909200,43235600000,269698.67,67000
2026-07-17,FRT,49.0,63.84,30174046,83447874,-3385750000,5529840000,8915590000,24658.68,111800
2026-07-17,FTS,100.0,24.74,286857542,381145750,-3580775000,613875000,4194650000,22332.595,24200
2026-07-17,GAS,49.0,4.2,1132715633,1182345380,-14022930000,1733770000,15756700000,43492.93,76200
2026-07-17,GEE,50.0,2.0,313848065,320249605,-5302862000,3122068000,8424930000,73530.78,81300
2026-07-17,GEX,50.0,14.11,561899137,654235679,-23412704500,3952581000,27365285500,124510.845,25000
2026-07-17,GMD,49.0,83.12,35278020,208982603,-39550590000,3945580000,43496170000,76763.64,77500
2026-07-17,GVR,13.0,4.88,494606920,520000000,-7660700000,757385000,8418085000,23985.945,29700
2026-07-17,HAG,49.0,3.72,597951093,621059294,-1449030000,189295000,1638325000,23862.25,14550
2026-07-17,HCM,49.0,70.05,158622713,529590573,-3821610000,10562680000,14384290000,221076.16,25400
2026-07-17,HDB,27.0,79.99,270469605,1351424607,-10372200000,34536695000,44908895000,267720.9,27250
2026-07-17,HDC,49.0,2.49,109758955,112559097,-1359035000,0,1359035000,14279.33,13200
2026-07-17,HDG,50.0,33.36,135594439,203478666,-4019561000,185679000,4205240000,17201.965,17800
2026-07-17,HHV,49.0,20.18,214016348,268111485,-87420000,51500000,138920000,11495.265,10300
2026-07-17,HPG,49.0,43.51,2337086652,4137052614,-17995801850,46750619500,64746421350,374629.0,21850
2026-07-17,HSG,49.0,6.77,368778811,395558724,-2697975000,6870000,2704845000,21245.085,11300
2026-07-17,HT1,49.0,4.29,178966025,186979056,-6510000,10000000,16510000,1334.675,12500
2026-07-17,IMP,77.96,93.21,8153705,120091737,-109320000,0,109320000,304.805,39100
2026-07-17,KBC,49.0,15.42,390305774,461459831,-8490254000,58775000,8549029000,25765.805,28050
2026-07-17,KDC,50.0,27.42,105174729,144903158,-1402035000,302910000,1704945000,14821.43,49600
2026-07-17,KDH,50.0,49.8,281671364,561107449,-1788275000,11634800000,13423075000,102572.55,18450
2026-07-17,KOS,49.0,0.27,105787294,106075854,1716115000,1799410000,83295000,10393.95,36300
2026-07-17,LPB,5.0,23.09,114873969,149364105,35314600000,45424700000,10110100000,420653.15,52900
2026-07-17,MBB,23.24,95.67,81082400,1871587283,-71395686250,17954175250,89349861500,247726.91,23750
2026-07-17,MSB,30.0,25.59,696497343,936000000,7645733000,13086925000,5441192000,91709.925,16350
2026-07-17,MSN,106.16,23.93,1167693606,1534951081,10105352000,59428450000,49323098000,186643.06,68000
2026-07-17,MWG,49.0,100.0,0,720149656,2530711400,58170614000,55639902600,139253.32,76700
2026-07-17,NAB,30.0,4.05,592649507,617646684,-2346005000,2124185000,4470190000,28701.845,12900
2026-07-17,NKG,50.0,9.01,223977671,246161980,-795097000,4480000,799577000,14210.885,11150
2026-07-17,NLG,50.0,81.03,46006203,242548691,16714155000,17315050000,600895000,34410.19,24850
2026-07-17,NT2,49.0,21.95,110101047,141059254,1655490000,2436210000,780720000,13839.75,21550
2026-07-17,NVL,49.0,10.3,1055815863,1177013306,13265361000,18644650000,5379289000,125302.75,12650
2026-07-17,OCB,22.0,89.04,64183853,585871502,-993770000,354515000,1348285000,31334.2,10950
2026-07-17,PAN,49.0,45.57,68823816,126455768,-47823000,485830000,533653000,2914.58,21200
2026-07-17,PC1,50.0,17.21,170261515,205642671,-5498395000,1062285000,6560680000,27484.31,21800
2026-07-17,PDR,50.0,13.12,433448714,498904689,681085000,4495890000,3814805000,55035.035,13450
2026-07-17,PHR,49.0,24.98,49811807,66394607,-3523400000,1610380000,5133780000,15971.94,60900
2026-07-17,PLX,20.0,69.8,78158360,258775616,-10693850000,31735000,10725585000,35351.945,35200
2026-07-17,PNJ,49.0,96.95,7648650,250826843,-74988284100,70735412250,145723696350,310169.275,43000
2026-07-17,POW,50.0,9.27,1391741613,1533922844,-12914635600,157331600,13071967200,65596.51,13900
2026-07-17,PVD,50.0,19.65,223490976,278148003,1866425000,19247700000,17381275000,58790.58,19550
2026-07-17,PVT,49.0,25.42,171731117,230266305,-4031405000,56660000,4088065000,26854.28,18100
2026-07-17,REE,49.0,100.0,0,305220527,-14180000,4600000,18780000,22175.195,46250
2026-07-17,SAB,100.0,58.65,530344456,1282562372,-1550169500,3784515500,5334685000,15895.315,46900
2026-07-17,SBT,102.38,19.71,745127420,928026375,452185000,1790545000,1338360000,14585.715,20900
2026-07-17,SCS,32.25,28.21,22203180,30929304,-565615000,4830000,570445000,4367.51,48200
2026-07-17,SHB,34.9,12.43,1403996434,1603260007,-15395625000,5667280000,21062905000,332523.7,12650
2026-07-17,SIP,49.0,4.68,113077433,118635342,-882720000,4830000,887550000,1881.32,48450
2026-07-17,SJS,50.0,1.13,147059533,148737414,-9580000,0,9580000,2427.23,47500
2026-07-17,SSB,30.0,0.99,1018405186,1028640000,-3562725000,2817595000,6380320000,36655.59,15950
2026-07-17,SSI,100.0,30.96,1728165294,2503089220,-39692613250,10195250000,49887863250,284341.755,24250
2026-07-17,STB,30.0,38.21,349440263,565564714,-21554060000,29198550000,50752610000,522134.46,73500
2026-07-17,SZC,20.0,6.44,33677968,35997172,-442425000,74710000,517135000,3427.71,20200
2026-07-17,TCB,22.54,95.19,76901028,1597139381,-90646691400,13054530000,103701221400,223187.375,31450
2026-07-17,TCH,51.0,19.99,372206547,465175704,-5075415000,8100000,5083515000,29863.4,13450
2026-07-17,TPB,30.0,77.32,188785833,832214061,-22703452000,55070000,22758522000,53974.51,15200
2026-07-17,VCB,30.0,67.21,821917533,2506702528,-37524860000,8429150000,45954010000,117052.67,58500
2026-07-17,VCG,49.0,4.68,301953197,316769484,-13994075000,17000000,14011075000,64287.845,16800
2026-07-17,VCI,100.0,17.79,943487486,1147631925,-26603550000,1327070000,27930620000,144192.73,21250
2026-07-17,VGC,49.0,1.85,215624200,219691500,-918730000,635755000,1554485000,8429.85,41350
2026-07-17,VHC,100.0,18.9,169871828,209453159,-359360000,857910000,1217270000,10349.21,57200
2026-07-17,VHM,50.0,15.07,1744124416,2053706002,-48469474200,29800439800,78269914000,305285.24,140500
2026-07-17,VIB,4.99,75.49,41641002,169859884,-889236250,974690000,1863926250,49709.35,15400
2026-07-17,VIC,48.19,6.61,3468105971,3713436895,5334545000,131744495000,126409950000,630117.26,220000
2026-07-17,VIX,100.0,7.35,2270112335,2450287772,-41330520000,408950000,41739470000,272811.96,13750
2026-07-17,VJC,30.0,20.9,182509514,230727888,-2730990000,10627650000,13358640000,128433.45,131300
2026-07-17,VND,100.0,8.39,1394633276,1522299908,35315571650,43297745000,7982173350,193669.86,17850
2026-07-17,VNM,100.0,49.01,1065700342,2089955445,254537811600,305714515600,51176704000,756330.9,59000
2026-07-17,VPB,30.0,79.14,496538115,2380177080,-64236038000,19949100000,84185138000,298851.9,25850
2026-07-17,VPI,49.0,20.06,125369676,156824292,-8184500000,12280000,8196780000,97878.29,61200
2026-07-17,VPL,49.0,3.85,844914521,878717184,-3092989000,2026041000,5119030000,63441.21,79800
2026-07-17,VRE,49.0,24.12,865880020,1141121020,-49037625000,7033505000,56071130000,96907.48,24550
2026-07-17,VSC,49.0,4.31,175537759,183441477,-5001500000,2030115000,7031615000,49023.97,14700
2026-07-17,VTP,49.0,7.87,77664775,84294650,-3654808400,175670000,3830478400,15192.97,50000
2026-07-20,ACB,30.0,82.21,309851203,1741326587,-12524793050,7624685000,20149478050,515755.84,22850
2026-07-20,ANV,49.0,5.66,123274595,130667075,-125710000,258360000,384070000,10059.875,17150
2026-07-20,BAF,50.0,5.4,172560067,182412453,-2196952100,215475000,2412427100,50985.675,29550
2026-07-20,BCM,34.0,2.35,343629124,351900000,767020000,822810000,55790000,16107.39,40950
2026-07-20,BID,30.0,58.44,907626069,2184019563,-6929324400,857845000,7787169400,207786.595,37000
2026-07-20,BMP,100.0,82.29,14495612,81860938,20628221000,22285390000,1657169000,43065.31,154900
2026-07-20,BSI,100.0,35.58,173880136,269901549,713480000,713480000,0,27452.265,29850
2026-07-20,BSR,49.0,2.33,2396381621,2453576846,-7979230000,8939185000,16918415000,202356.395,24650
2026-07-20,BVH,49.0,55.67,161254045,363738154,-122930000,953250000,1076180000,16454.62,58100
2026-07-20,BWE,49.0,4.92,102462799,107765035,-137325000,36240000,173565000,8593.585,45550
2026-07-20,CII,40.0,8.91,244847724,268794116,-2497132900,236682100,2733815000,237868.33,14300
2026-07-20,CMG,50.0,73.06,31376396,116477304,85880000,91000000,5120000,3978.69,25050
2026-07-20,CTD,49.0,95.71,2396206,55872968,-1414020000,881670000,2295690000,43278.59,59100
2026-07-20,CTG,30.0,81.83,423380586,2330083391,22514442600,29489530000,6975087400,353635.605,30800
2026-07-20,CTR,49.0,8.37,51360432,56049080,1712340000,2273770000,561430000,31720.72,68600
2026-07-20,CTS,49.0,1.12,131904365,133400020,1581931800,1603851800,21920000,102069.695,24300
2026-07-20,DBC,49.0,2.91,205057489,211212784,-171425000,350455000,521880000,126672.515,16250
2026-07-20,DCM,49.0,12.9,225934229,259406000,521150000,2138320000,1617170000,76845.205,30250
2026-07-20,DGW,49.0,47.34,57107319,108446882,10228822600,10541822600,313000000,38687.605,35150
2026-07-20,DIG,49.0,4.11,374208229,390251283,-350762500,84242500,435005000,131399.52,11250
2026-07-20,DPM,50.0,7.22,315434775,339995380,264936250,4584720000,4319783750,108785.83,22950
2026-07-20,DSE,100.0,10.7,382432921,428249806,-440560000,0,440560000,9437.435,22100
2026-07-20,DXG,50.0,37.84,394690645,634926225,-4183985000,66900000,4250885000,199705.095,11350
2026-07-20,DXS,50.0,13.85,249450541,289551562,-2595584000,67926000,2663510000,14063.995,6240
2026-07-20,EIB,29.97,6.94,521245002,560090574,1772793000,2856243000,1083450000,138281.615,17850
2026-07-20,EVF,15.0,1.74,112099863,114084870,-303555000,25840000,329395000,52968.99,12000
2026-07-20,FPT,49.0,55.53,371203964,834718489,14123325500,63949632900,49826307400,491400.49,67100
2026-07-20,FRT,49.0,63.77,30234446,83447874,-144490000,495950000,640440000,10952.24,109900
2026-07-20,FTS,100.0,24.72,286912766,381145750,-385300000,540550000,925850000,56696.795,22550
2026-07-20,GAS,49.0,4.2,1132730533,1182345380,446130000,1780470000,1334340000,65423.07,73100
2026-07-20,GEE,50.0,1.98,313893125,320249605,-10079222000,1200058000,11279280000,85821.45,76000
2026-07-20,GEX,50.0,14.08,562104665,654235679,-15048728150,10017055250,25065783400,321142.39,23250
2026-07-20,GMD,49.0,83.22,35076020,208982603,515770000,17239970000,16724200000,70188.24,76000
2026-07-20,GVR,13.0,4.88,494634520,520000000,89975000,574720000,484745000,46730.745,27900
2026-07-20,HAG,49.0,3.71,598018693,621059294,-701825000,82055000,783880000,74890.59,14450
2026-07-20,HCM,49.0,70.0,158851413,529590573,-435055000,11375230000,11810285000,227265.54,25750
2026-07-20,HDB,27.0,80.06,269505466,1351424607,32110396250,59312976250,27202580000,408642.815,26850
2026-07-20,HDC,49.0,2.48,109770355,112559097,21295000,21295000,0,24638.045,12300
2026-07-20,HDG,50.0,33.43,135456359,203478666,-349615000,2859425000,3209040000,38281.405,16800
2026-07-20,HHV,49.0,20.85,212203948,268111485,17042526000,17162337000,119811000,58204.331,10050
2026-07-20,HPG,49.0,43.49,2337758844,4137052614,-34384101650,36248329500,70632431150,1117394.605,20600
2026-07-20,HSG,49.0,6.76,368835111,395558724,-3417795000,14370000,3432165000,50238.55,10650
2026-07-20,HT1,49.0,4.33,178892125,186979056,850780000,894640000,43860000,3028.135,12050
2026-07-20,IMP,77.96,93.21,8157413,120091737,-60940000,0,60940000,231.995,37650
2026-07-20,KBC,49.0,15.36,390586672,461459831,-2518747600,189870000,2708617600,55402.64,27000
2026-07-20,KDC,50.0,27.42,105167629,144903158,-454710000,19475000,474185000,1403.515,49500
2026-07-20,KDH,50.0,49.81,281643531,561107449,-7028931250,11776703850,18805635100,138065.26,17800
2026-07-20,KOS,49.0,0.25,105806494,106075854,-43380000,0,43380000,14565.465,36000
2026-07-20,LPB,5.0,22.95,115086317,149364105,-1986788800,8499431200,10486220000,129301.52,53500
2026-07-20,MBB,23.24,95.6,82289805,1871587283,-42650417150,29631270000,72281687150,479356.465,22800
2026-07-20,MSB,30.0,25.62,696207863,936000000,1450757800,10846140000,9395382200,158807.43,16150
2026-07-20,MSN,106.16,23.99,1166753313,1534951081,29053041600,109594760000,80541718400,420380.91,64800
2026-07-20,MWG,49.24,99.94,457900,723747294,205716212900,241686456500,35970243600,577834.48,75200
2026-07-20,NAB,30.0,4.06,592574807,617646684,2853032500,5288110000,2435077500,29441.795,12650
2026-07-20,NKG,50.0,9.0,224013771,246161980,39250000,72295000,33045000,34046.0,10400
2026-07-20,NLG,50.0,81.1,45836503,242548691,3325120000,4263295000,938175000,44723.475,23700
2026-07-20,NT2,49.0,21.92,110138717,141059254,-558005000,219015000,777020000,10371.39,20800
2026-07-20,NVL,49.0,10.35,1055212064,1177013306,23791000250,26729345000,2938344750,205503.05,12450
2026-07-20,OCB,22.0,88.97,64616153,585871502,-1742920000,45580000,1788500000,37711.25,10350
2026-07-20,PAN,49.0,45.55,68849716,126455768,49525000,129300000,79775000,10739.655,21100
2026-07-20,PC1,50.0,17.18,170307215,205642671,-2050815000,667455000,2718270000,58119.3,20550
2026-07-20,PDR,50.0,13.22,432968169,498904689,10641408000,11158193000,516785000,161026.445,12700
2026-07-20,PHR,49.0,24.99,49801307,66394607,1047150000,1424020000,376870000,37803.42,58500
2026-07-20,PLX,20.0,69.78,78198160,258775616,-2368980000,675175000,3044155000,59486.44,34300
2026-07-20,PNJ,49.0,96.03,9951547,250826843,25977482000,77637462000,51659980000,240456.03,41000
2026-07-20,POW,50.0,9.32,1390982882,1533922844,-4732605000,10540925000,15273530000,153214.83,13550
2026-07-20,PVD,50.0,18.59,226427091,278148003,-5067375000,288075000,5355450000,54660.63,19300
2026-07-20,PVT,49.0,25.0,172698317,230266305,399123600,2939995000,2540871400,80410.55,17000
2026-07-20,REE,49.0,100.0,0,305220527,-28326000,8834000,37160000,25239.17,45450
2026-07-20,SAB,100.0,58.65,530331518,1282562372,2469624200,4705899200,2236275000,28754.675,47300
2026-07-20,SBT,102.38,19.7,745189920,928026375,-1476531250,25050000,1501581250,14407.715,20850
2026-07-20,SCS,32.25,28.21,22202880,30929304,-173075000,150520000,323595000,9420.275,47850
2026-07-20,SHB,34.9,12.39,1404672963,1603260007,-2032332950,13066342550,15098675500,891989.24,11800
2026-07-20,SIP,49.0,4.68,113088533,118635342,-677365000,80065000,757430000,7083.945,46950
2026-07-20,SJS,50.0,1.13,147054633,148737414,-192895000,37090000,229985000,4429.95,47500
2026-07-20,SSB,30.0,0.99,1018430086,1028640000,-2680865000,3142875000,5823740000,36465.68,15750
2026-07-20,SSI,100.0,30.9,1729714322,2503089220,-2291857500,40648823250,42940680750,837878.735,22700
2026-07-20,STB,30.0,38.16,349769263,565564714,-68009748000,16852660000,84862408000,375579.71,73000
2026-07-20,SZC,20.0,6.42,33685168,35997172,81785000,139810000,58025000,8452.645,19250
2026-07-20,TCB,22.54,95.07,78739314,1597139381,-23876414500,18663690500,42540105000,435392.465,29950
2026-07-20,TCH,51.0,19.82,373000547,465175704,-4241965000,795520000,5037485000,90606.57,12550
2026-07-20,TPB,30.0,76.98,191574228,832214061,-26549870000,958780000,27508650000,169392.68,14550
2026-07-20,VCB,30.0,67.23,821450731,2506702528,-148771499000,35005722000,183777221000,486847.76,56700
2026-07-20,VCG,49.0,4.66,302015697,316769484,-5456275800,24065000,5480340800,157839.255,15650
2026-07-20,VCI,100.0,17.71,944380086,1147631925,825766250,12186755000,11360988750,289220.815,20000
2026-07-20,VGC,49.0,1.83,215665900,219691500,-556475000,19700000,576175000,27611.845,39000
2026-07-20,VHC,100.0,18.9,169865628,209453159,-646980000,774180000,1421160000,19355.75,55500
2026-07-20,VHM,50.0,15.06,1744408467,2053706002,-15751517900,45906970300,61658488200,414870.35,136900
2026-07-20,VIB,4.99,74.68,43013408,169859884,3285000,2800425000,2797140000,197804.415,14950
2026-07-20,VIC,48.19,6.6,3468289239,3713436895,73864532700,142043760000,68179227300,600691.5,220000
2026-07-20,VIX,100.0,7.24,2272797145,2450287772,-27957552600,6985039750,34942592350,675864.19,12800
2026-07-20,VJC,30.0,20.83,182656697,230727888,-16638165100,8224232100,24862397200,145365.33,132000
2026-07-20,VND,100.0,8.49,1393035110,1522299908,37664247500,43359050000,5694802500,335084.155,17200
2026-07-20,VNM,100.0,49.03,1065209330,2089955445,51351005500,75913120300,24562114800,267096.17,58500
2026-07-20,VPB,30.0,79.05,498734796,2380177080,-64507384800,13778565000,78285949800,569090.03,25000
2026-07-20,VPI,49.0,20.07,125356876,156824292,235320000,1126540000,891220000,70361.02,61300
2026-07-20,VPL,49.0,3.85,844903420,878717184,-2180270600,4521950000,6702220600,63386.97,77600
2026-07-20,VRE,49.0,24.06,866514349,1141121020,-28285212750,16804827750,45090040500,126294.175,23250
2026-07-20,VSC,49.0,4.47,175250219,183441477,10696274000,10811024000,114750000,118306.82,13750
2026-07-20,VTP,49.0,7.86,77671795,84294650,-6142976250,281779600,6424755850,21247.8,49300
2026-07-21,ACB,30.0,82.24,309303388,1741326587,-65713096300,20086965000,85800061300,376878.565,22850
2026-07-21,ANV,49.0,5.81,123075395,130667075,2445155000,4206865000,1761710000,17659.835,17550
2026-07-21,BAF,50.0,5.41,172548667,182412453,-513776500,1388500000,1902276500,56436.175,29400
2026-07-21,BCM,34.0,2.37,343569024,351900000,459690000,2485785000,2026095000,18793.12,39650
2026-07-21,BID,30.0,58.42,908010515,2184019563,1264472150,4201575000,2937102850,128286.87,36800
2026-07-21,BMP,100.0,82.54,14292852,81860938,23314967000,36402410000,13087443000,52865.4,152700
2026-07-21,BSI,100.0,35.6,173812116,269901549,-1073843000,1871037000,2944880000,14942.155,28850
2026-07-21,BSR,49.0,2.35,2395976021,2453576846,-51612930000,17661560000,69274490000,343661.105,23050
2026-07-21,BVH,49.0,55.68,161207745,363738154,-321400000,3593250000,3914650000,22060.97,58300
2026-07-21,BWE,49.0,4.89,102497510,107765035,-70610000,126070000,196680000,12138.96,45000
2026-07-21,CII,40.0,9.4,243536829,268794116,-1497234150,14033426700,15530660850,120273.72,13900
2026-07-21,CMG,50.0,73.06,31375896,116477304,-1005470000,74070000,1079540000,3518.345,24500
2026-07-21,CTD,49.0,95.85,2321206,55872968,4973692000,5303230000,329538000,19035.44,58600
2026-07-21,CTG,30.0,81.76,424955056,2330083391,8654447300,39585570000,30931122700,172560.545,30900
2026-07-21,CTR,49.0,8.46,51306079,56049080,3463942000,5041502000,1577560000,10347.57,68600
2026-07-21,CTS,49.0,1.31,131646965,133400020,-1137575000,6029295000,7166870000,91371.76,22600
2026-07-21,DBC,49.0,3.08,204706789,211212784,2698944600,5448160000,2749215400,28520.03,16300
2026-07-21,DCM,49.0,13.37,224713904,259406000,31067330000,39046540000,7979210000,99000.7,29900
2026-07-21,DGW,49.0,47.61,56816519,108446882,10052960000,10353010000,300050000,18029.875,35550
2026-07-21,DIG,49.0,4.23,373757489,390251283,-4681590000,3369080000,8050670000,115197.99,10850
2026-07-21,DPM,50.0,7.01,316169765,339995380,-10952503200,3007800000,13960303200,88246.75,22600
2026-07-21,DSE,100.0,10.71,382393021,428249806,-894550000,879925000,1774475000,11979.02,21650
2026-07-21,DXG,50.0,37.62,396040351,634926225,-3775315000,6127845000,9903160000,102073.12,11000
2026-07-21,DXS,50.0,13.98,249083941,289551562,-337261000,2147342000,2484603000,10847.194,6150
2026-07-21,EIB,29.97,6.95,521140902,560090574,17056895000,25765540000,8708645000,94303.885,17600
2026-07-21,EVF,15.0,2.35,111398563,114084870,7650960000,8211220000,560260000,28637.695,12350
2026-07-21,FPT,49.0,55.35,372736137,834718489,-109883126100,45217837100,155100963200,497505.97,64800
2026-07-21,FRT,49.0,63.95,30078836,83447874,-2963577800,20098755000,23062332800,39673.13,110900
2026-07-21,FTS,100.0,24.78,286715566,381145750,2121885000,4755225000,2633340000,30951.155,22000
2026-07-21,GAS,49.0,4.25,1132137057,1182345380,-67222943000,43354539000,110577482000,298104.9,68000
2026-07-21,GEE,50.0,2.01,313802445,320249605,-12343514000,7742776000,20086290000,80445.05,71000
2026-07-21,GEX,50.0,14.45,559698563,654235679,21103447700,66272330500,45168882800,227322.56,22050
2026-07-21,GMD,49.0,83.27,34953620,208982603,2030660000,26320360000,24289700000,66895.39,76000
2026-07-21,GVR,13.0,4.92,494402370,520000000,4386560000,6426105000,2039545000,27674.165,27350
2026-07-21,HAG,49.0,3.71,598028293,621059294,-2581802350,1425000,2583227350,25997.35,14150
2026-07-21,HCM,49.0,69.95,159123213,529590573,-12351540000,4867790000,17219330000,112213.985,25750
2026-07-21,HDB,27.0,80.29,266357866,1351424607,90261098800,112025460000,21764361200,304519.915,26950
2026-07-21,HDC,49.0,2.87,109325195,112559097,4729307000,5268534000,539227000,24702.45,11950
2026-07-21,HDG,50.0,33.25,135826459,203478666,1094460000,4782880000,3688420000,19392.305,16550
2026-07-21,HHV,49.0,20.84,212236352,268111485,-775081980,539819000,1314900980,20841.064,9900
2026-07-21,HPG,49.0,43.69,2329681289,4137052614,72971266950,200063176400,127091909450,567232.35,20800
2026-07-21,HSG,49.0,6.7,369057081,395558724,-3765820000,460610000,4226430000,22946.25,10550
2026-07-21,HT1,49.0,4.33,178878625,186979056,221095000,238175000,17080000,1929.345,12200
2026-07-21,IMP,77.96,93.21,8157513,120091737,-74000000,29250000,103250000,598.845,36000
2026-07-21,KBC,49.0,15.32,390774032,461459831,-6564117800,5594485000,12158602800,37323.97,26900
2026-07-21,KDC,50.0,27.39,105210830,144903158,-2842770000,34185000,2876955000,7272.2,49300
2026-07-21,KDH,50.0,49.77,281840587,561107449,16480503000,37471670000,20991167000,87924.215,17900
2026-07-21,KOS,49.0,0.25,105812894,106075854,-695965000,0,695965000,3461.06,36000
2026-07-21,LPB,5.0,23.35,114486269,149364105,552120000,39153990000,38601870000,345158.13,54600
2026-07-21,MBB,23.24,95.47,84846474,1871587283,-49435587600,42332697400,91768285000,257607.71,22700
2026-07-21,MSB,30.0,25.61,696321971,936000000,246150000,7575545000,7329395000,63011.25,16100
2026-07-21,MSN,106.16,24.08,1165387364,1534951081,62640428800,167105020000,104464591200,306338.47,64900
2026-07-21,MWG,49.24,100.0,0,723747294,75654430000,103004850000,27350420000,215902.67,75900
2026-07-21,NAB,30.0,4.04,592678987,617646684,-10238931200,1051745000,11290676200,25212.29,12350
2026-07-21,NKG,50.0,9.17,223578171,246161980,4094325000,4329545000,235220000,23090.12,10500
2026-07-21,NLG,50.0,81.15,45726703,242548691,2017520000,3500380000,1482860000,28571.295,23300
2026-07-21,NT2,49.0,22.13,109841247,141059254,5410800000,6348315000,937515000,26997.03,21700
2026-07-21,NVL,49.0,10.65,1051687656,1177013306,34919385000,44769325000,9849940000,190053.255,12600
2026-07-21,OCB,22.0,89.02,64354053,585871502,-1139735000,2211365000,3351100000,31431.285,10150
2026-07-21,PAN,49.0,45.56,68838816,126455768,-1357555000,308295000,1665850000,6526.37,21100
2026-07-21,PC1,50.0,17.3,170073115,205642671,-529760000,3252345000,3782105000,26830.61,20550
2026-07-21,PDR,50.0,13.3,432569669,498904689,-4495285000,3616375000,8111660000,90936.485,12400
2026-07-21,PHR,49.0,25.08,49743507,66394607,2591270000,4380020000,1788750000,16133.67,58400
2026-07-21,PLX,20.0,69.78,78203520,258775616,2936190000,5244290000,2308100000,101171.465,32650
2026-07-21,PNJ,49.0,95.16,12133650,250826843,-64313269700,191805050000,256118319700,381983.905,38150
2026-07-21,POW,50.0,9.41,1389596982,1533922844,18112362000,27944852000,9832490000,115814.725,13550
2026-07-21,PVD,50.0,18.64,226314991,278148003,-41689040000,13378700000,55067740000,146372.16,18500
2026-07-21,PVT,49.0,26.23,169872356,230266305,45619510000,47869920000,2250410000,120252.74,16300
2026-07-21,REE,49.0,100.0,0,305220527,8638800,8638800,0,18175.505,45600
2026-07-21,SAB,100.0,58.65,530296890,1282562372,-886421850,5766788150,6653210000,23248.435,47000
2026-07-21,SBT,102.38,19.7,745189120,928026375,-6715518000,41700000,6757218000,17871.61,20850
2026-07-21,SCS,32.25,28.04,22257990,30929304,-1099450000,157050000,1256500000,7509.18,47500
2026-07-21,SHB,34.9,13.04,1394201834,1603260007,107378344000,129843189000,22464845000,786195.685,11800
2026-07-21,SIP,49.0,4.67,113099033,118635342,-1166630000,56280000,1222910000,3353.575,46950
2026-07-21,SJS,50.0,1.13,147058233,148737414,-75770000,4670000,80440000,1684.15,47400
2026-07-21,SSB,30.0,0.98,1018533089,1028640000,-432840000,2111400000,2544240000,34425.4,15650
2026-07-21,SSI,100.0,30.82,1731751185,2503089220,31907197300,118742391800,86835194500,533851.15,23200
2026-07-21,STB,30.0,38.13,349910683,565564714,-49932780000,19436950000,69369730000,350660.24,72700
2026-07-21,SZC,20.0,6.49,33659968,35997172,-109145000,554405000,663550000,6702.54,19050
2026-07-21,TCB,22.54,95.01,79763914,1597139381,-59143600000,42449220000,101592820000,303279.175,29800
2026-07-21,TCH,51.0,19.53,374326079,465175704,2294395000,7203835000,4909440000,57964.475,12450
2026-07-21,TPB,30.0,76.5,195603876,832214061,-26262045000,3601575000,29863620000,92464.825,14550
2026-07-21,VCB,30.0,67.24,821151981,2506702528,-25276644300,58089800000,83366444300,194093.08,56700
2026-07-21,VCG,49.0,4.68,301939101,316769484,-5257860000,202630000,5460490000,46235.82,15500
2026-07-21,VCI,100.0,17.64,945138001,1147631925,33559775000,49034475000,15474700000,192907.37,20150
2026-07-21,VGC,49.0,1.85,215634700,219691500,-391765000,1125185000,1516950000,14783.88,39000
2026-07-21,VHC,100.0,18.89,169894228,209453159,-4050950000,289810000,4340760000,18024.75,54500
2026-07-21,VHM,50.0,15.08,1744097233,2053706002,1382923000,88371699000,86988776000,365295.47,136400
2026-07-21,VIB,4.99,74.71,42960708,169859884,-896405000,3574245000,4470650000,96017.92,15000
2026-07-21,VIC,48.19,6.6,3468336588,3713436895,-132908984400,69160141600,202069126000,615207.37,217300
2026-07-21,VIX,100.0,7.51,2266157965,2450287772,42641478000,80225015000,37583537000,527306.78,12500
2026-07-21,VJC,30.0,20.81,182711624,230727888,-9724990000,5006830000,14731820000,110817.58,130800
2026-07-21,VND,100.0,8.67,1390312343,1522299908,22643260000,48793290000,26150030000,192796.695,17150
2026-07-21,VNM,100.0,49.11,1063672366,2089955445,80743741900,352554991300,271811249400,207123.48,58400
2026-07-21,VPB,30.0,78.96,500858896,2380177080,-17941275000,43531895000,61473170000,345280.49,25350
2026-07-21,VPI,49.0,20.16,125203676,156824292,-1371380000,8800370000,10171750000,104275.26,62000
2026-07-21,VPL,49.0,3.86,844757220,878717184,6707190000,16166640000,9459450000,68380.18,77600
2026-07-21,VRE,49.0,24.02,867059246,1141121020,-32498632300,48873900000,81372532300,139920.005,23050
2026-07-21,VSC,49.0,5.57,173220289,183441477,25362367000,26833022000,1470655000,80039.35,13800
2026-07-21,VTP,49.0,7.84,77690034,84294650,-1204234100,870543600,2074777700,12883.015,48200
2026-07-22,ACB,30.0,82.14,310971969,1741326587,-191498573450,22294374000,213792947450,695046.93,22400
2026-07-22,ANV,49.0,5.78,123117395,130667075,-2293090000,1787135000,4080225000,11167.885,17150
2026-07-22,BAF,50.0,5.39,172580167,182412453,-8787350000,604440000,9391790000,44986.99,29000
2026-07-22,BCM,34.0,2.39,343483714,351900000,-5665640000,5417960000,11083600000,31865.77,37900
2026-07-22,BID,30.0,58.45,907568362,2184019563,-9846874900,18638275100,28485150000,218043.06,35850
2026-07-22,BMP,100.0,82.55,14280948,81860938,6616131700,15312713000,8696581300,30472.36,151000
2026-07-22,BSI,100.0,35.6,173803336,269901549,2728997000,3095560000,366563000,13157.0,29000
2026-07-22,BSR,49.0,2.28,2397563558,2453576846,9503413850,17135223850,7631810000,176122.375,23000
2026-07-22,BVH,49.0,55.67,161231645,363738154,2260163200,4698180000,2438016800,16336.52,57100
2026-07-22,BWE,49.0,4.88,102506110,107765035,-679330000,9000000,688330000,2044.46,44700
2026-07-22,CII,40.0,9.47,243334544,268794116,16024136850,21226676850,5202540000,137166.505,13950
2026-07-22,CMG,50.0,73.09,31348456,116477304,-736650000,793700000,1530350000,5753.515,23800
2026-07-22,CTD,49.0,95.7,2400938,55872968,-4798933100,3886193800,8685126900,37777.15,56000
2026-07-22,CTG,30.0,81.78,424495885,2330083391,-14492663300,90588217500,105080880800,479706.055,29700
2026-07-22,CTR,49.0,8.52,51274884,56049080,185400000,3748620000,3563220000,19103.5,66400
2026-07-22,CTS,49.0,1.41,131520935,133400020,9237032850,10425630000,1188597150,62553.0,22900
2026-07-22,DBC,49.0,2.95,204992365,211212784,945230000,2949410000,2004180000,26901.78,16000
2026-07-22,DCM,49.0,13.34,224810304,259406000,-7376665000,16062200000,23438865000,88808.835,28900
2026-07-22,DGW,49.0,47.92,56484319,108446882,2210930000,11845410000,9634480000,33761.145,34400
2026-07-22,DIG,49.0,4.41,373050764,390251283,7663865000,12057725000,4393860000,143446.8,11000
2026-07-22,DPM,50.0,6.99,316241065,339995380,4214375650,11538180000,7323804350,64212.33,22050
2026-07-22,DSE,100.0,10.71,382398321,428249806,-357965000,1816505000,2174470000,12046.355,21800
2026-07-22,DXG,50.0,37.76,395190156,634926225,6325272000,17069812000,10744540000,130374.41,11100
2026-07-22,DXS,50.0,13.89,249321741,289551562,-2907624000,2124722000,5032346000,11724.005,5940
2026-07-22,EIB,29.97,7.55,517791502,560090574,-134530256150,72499400000,207029656150,323909.705,16500
2026-07-22,EVF,15.0,2.4,111352363,114084870,-99560000,1233480000,1333040000,18765.595,12200
2026-07-22,FPT,49.0,55.53,371195071,834718489,-10923570200,156418208300,167341778500,661578.78,64600
2026-07-22,FRT,49.0,63.91,30116753,83447874,-13794292600,19579082400,33373375000,56464.64,105000
2026-07-22,FTS,100.0,24.77,286741866,381145750,1525420000,4746325000,3220905000,39141.195,22700
2026-07-22,GAS,49.0,4.25,1132045688,1182345380,-32310068600,59179767500,91489836100,182568.57,64400
2026-07-22,GEE,50.0,2.1,313517355,320249605,26920224700,30354715000,3434490300,161000.01,66600
2026-07-22,GEX,50.0,14.97,556303682,654235679,-39898098000,135066044250,174964142250,472978.295,20750
2026-07-22,GMD,49.0,82.9,35735910,208982603,-23838959000,5473541000,29312500000,164196.3,72000
2026-07-22,GVR,13.0,4.95,494264520,520000000,10163495000,13106405000,2942910000,48878.315,27150
2026-07-22,HAG,49.0,3.73,597883993,621059294,2734675000,3415595000,680920000,47701.545,14000
2026-07-22,HCM,49.0,70.03,158742913,529590573,15861120000,22696190000,6835070000,140090.895,25300
2026-07-22,HDB,27.0,80.3,266289189,1351424607,-71144379950,33891560050,105035940000,546352.685,25800
2026-07-22,HDC,49.0,2.95,109244075,112559097,654257650,2707890000,2053632350,19806.72,12100
2026-07-22,HDG,50.0,33.37,135587639,203478666,-2780645000,11281750000,14062395000,39237.02,16400
2026-07-22,HHV,49.0,21.0,211818452,268111485,4728604000,4806419000,77815000,33386.741,9950
2026-07-22,HPG,49.0,43.86,2322515348,4137052614,51682811750,291278957250,239596145500,900618.795,20700
2026-07-22,HSG,49.0,6.71,369032001,395558724,191366850,3256825000,3065458150,37621.73,10450
2026-07-22,HT1,49.0,4.33,178876325,186979056,-106110000,12100000,118210000,1246.745,12200
2026-07-22,IMP,77.96,93.2,8160693,120091737,-118890000,10350000,129240000,605.705,35800
2026-07-22,KBC,49.0,15.26,391043198,461459831,-8285515000,6646930000,14932445000,62864.24,26800
2026-07-22,KDC,50.0,27.37,105240030,144903158,-766725000,0,766725000,4258.485,48800
2026-07-22,KDH,50.0,50.03,280394727,561107449,4598090000,48612875000,44014785000,164549.42,18000
2026-07-22,KOS,49.0,0.25,105805694,106075854,-308335000,0,308335000,2037.22,35500
2026-07-22,LPB,5.0,22.93,115116812,149364105,-45063044800,4955295200,50018340000,228185.94,54400
2026-07-22,MBB,23.24,95.61,82188223,1871587283,21221813850,170402673850,149180860000,478887.145,22350
2026-07-22,MSB,30.0,25.85,694000971,936000000,-75261825200,42013665000,117275490200,333667.04,15900
2026-07-22,MSN,106.16,24.08,1165326843,1534951081,-53026349000,89457051000,142483400000,588964.46,63900
2026-07-22,MWG,49.24,100.0,0,723747294,-8450154000,94611366000,103061520000,971867.83,70600
2026-07-22,NAB,30.0,4.03,592754687,617646684,1183860000,2319095000,1135235000,21406.96,12350
2026-07-22,NKG,50.0,9.23,223431001,246161980,2307084500,2474895000,167810500,23974.105,10500
2026-07-22,NLG,50.0,81.31,45328003,242548691,-1316180000,10678105000,11994285000,46030.905,22650
2026-07-22,NT2,49.0,22.1,109884447,141059254,-2869490000,218420000,3087910000,12546.465,21200
2026-07-22,NVL,49.0,10.74,1050557186,1177013306,10041056600,26970866600,16929810000,215690.69,12600
2026-07-22,OCB,22.0,89.05,64159953,585871502,5106510000,5107535000,1025000,25617.13,10250
2026-07-22,PAN,49.0,45.58,68816976,126455768,338885000,809210000,470325000,9006.555,21050
2026-07-22,PC1,50.0,17.34,169991015,205642671,2550495000,10470915000,7920420000,62913.865,20550
2026-07-22,PDR,50.0,13.41,431991944,498904689,9931285000,10744945000,813660000,96266.585,12100
2026-07-22,PHR,49.0,24.99,49802207,66394607,-764020000,1706670000,2470690000,17672.13,57800
2026-07-22,PLX,20.0,69.79,78166820,258775616,12331580000,12581620000,250040000,57835.02,32750
2026-07-22,PNJ,49.0,93.52,16245457,250826843,-126413694500,18203165500,144616860000,267845.175,35500
2026-07-22,POW,50.0,9.33,1390846667,1533922844,-8517275000,5287465000,13804740000,121874.285,13200
2026-07-22,PVD,50.0,18.47,226784991,278148003,-9145805000,3604665000,12750470000,58768.4,17500
2026-07-22,PVT,49.0,26.93,168246756,230266305,25350325050,34386180000,9035854950,94070.73,16800
2026-07-22,REE,49.0,100.0,0,305220527,-6335815000,13800000,6349615000,49140.975,43850
2026-07-22,SAB,100.0,58.65,530363589,1282562372,-2097210000,4133115000,6230325000,24394.53,46950
2026-07-22,SBT,102.38,19.7,745191120,928026375,-2949866200,12480000,2962346200,8465.89,20850
2026-07-22,SCS,32.25,28.01,22264890,30929304,149510000,569150000,419640000,11038.735,46950
2026-07-22,SHB,34.9,13.22,1391320574,1603260007,9543753100,70468280000,60924526900,685104.515,11700
2026-07-22,SIP,49.0,4.65,113115433,118635342,-98240000,144800000,243040000,2577.45,46800
2026-07-22,SJS,50.0,1.13,147060333,148737414,27735000,27735000,0,2492.635,47200
2026-07-22,SSB,30.0,0.97,1018673889,1028640000,-2532640000,2400390000,4933030000,43154.19,15650
2026-07-22,SSI,100.0,30.67,1735282555,2503089220,-291627603400,40927744000,332555347400,792709.36,22650
2026-07-22,STB,30.0,38.12,349982183,565564714,-173738310000,35490570000,209228880000,620536.27,71000
2026-07-22,SZC,20.0,6.5,33658068,35997172,703980000,1015175000,311195000,5636.13,18750
2026-07-22,TCB,22.54,94.82,82733983,1597139381,-66556237000,41849598000,108405835000,568384.07,29000
2026-07-22,TCH,51.0,19.76,373237179,465175704,-11589715000,22274900000,33864615000,103517.35,11900
2026-07-22,TPB,30.0,76.49,195682020,832214061,-145632126750,25019120000,170651246750,248236.24,14100
2026-07-22,VCB,30.0,67.2,822297938,2506702528,-201716632000,29243359000,230959991000,508487.75,54500
2026-07-22,VCG,49.0,4.47,302612401,316769484,-346840000,2656455000,3003295000,60593.845,15500
2026-07-22,VCI,100.0,17.59,945819901,1147631925,-773256200,26471660000,27244916200,222298.085,19900
2026-07-22,VGC,49.0,1.84,215638300,219691500,-870470000,1749830000,2620300000,20788.795,38550
2026-07-22,VHC,100.0,18.9,169862028,209453159,-19910000,2170470000,2190380000,17530.2,53100
2026-07-22,VHM,50.0,15.07,1744232960,2053706002,-64758027500,114234029100,178992056600,1065716.76,126900
2026-07-22,VIB,4.99,75.37,41828963,169859884,-113408890050,20760265000,134169155050,225955.7,14450
2026-07-22,VIC,48.19,6.6,3468331372,3713436895,-207792477000,81555866000,289348343000,1188169.13,202100
2026-07-22,VIX,100.0,7.77,2259947390,2450287772,-9851060000,137227695000,147078755000,987104.235,12100
2026-07-22,VJC,30.0,20.8,182746814,230727888,-54571905000,5922185000,60494090000,163155.58,126000
2026-07-22,VND,100.0,8.65,1390644443,1522299908,6058556000,19446205000,13387649000,354571.645,16600
2026-07-22,VNM,100.0,49.33,1059061828,2089955445,166538049000,302605121500,136067072500,621811.6,59100
2026-07-22,VPB,30.0,78.83,503988326,2380177080,-158057375000,26853035000,184910410000,653838.255,25000
2026-07-22,VPI,49.0,20.02,125435176,156824292,-6967200000,2889650000,9856850000,100823.3,61900
2026-07-22,VPL,49.0,3.85,844876221,878717184,27420000,3560030000,3532610000,53370.75,73500
2026-07-22,VRE,49.0,23.91,868308880,1141121020,-21383346300,63983638700,85366985000,194615.64,21750
2026-07-22,VSC,49.0,6.13,172196654,183441477,17635944500,19803994500,2168050000,129579.625,13800
2026-07-22,VTP,49.0,7.77,77746950,84294650,1311887700,1582612900,270725200,14101.055,48100
2026-07-23,ACB,30.0,82.19,310076053,1741326587,-15628355400,50115245000,65743600400,602227.13,22500
2026-07-23,ANV,49.0,5.79,123098195,130667075,1501160000,2152745000,651585000,14816.115,17100
2026-07-23,BAF,50.0,5.38,172602107,182412453,-85120000,2110575000,2195695000,32223.575,29000
2026-07-23,BCM,34.0,2.37,343563914,351900000,-835610000,2446035000,3281645000,23115.25,38400
2026-07-23,BID,30.0,58.44,907603032,2184019563,-20387175600,26088965000,46476140600,203691.355,36000
2026-07-23,BMP,100.0,82.63,14218858,81860938,9287615000,17623550000,8335935000,32789.71,151300
2026-07-23,BSI,100.0,35.62,173766946,269901549,428045000,1371655000,943610000,15755.855,29200
2026-07-23,BSR,49.0,2.27,2397948426,2453576846,-3262989000,6052561000,9315550000,135199.245,23350
2026-07-23,BVH,49.0,55.68,161195074,363738154,2036156200,4436136200,2399980000,13469.46,57200
2026-07-23,BWE,49.0,4.88,102507710,107765035,-1652923350,69035000,1721958350,2291.645,43500
2026-07-23,CII,40.0,9.77,242534223,268794116,14525619500,14667829500,142210000,137082.705,14200
2026-07-23,CMG,50.0,73.11,31318756,116477304,-356768000,1258422000,1615190000,10197.46,24700
2026-07-23,CTD,49.0,95.66,2422716,55872968,1995773100,3869370000,1873596900,25739.02,56900
2026-07-23,CTG,30.0,81.72,425898015,2330083391,16538614200,46188110000,29649495800,333279.27,29050
2026-07-23,CTR,49.0,8.75,51144684,56049080,9380090000,11272970000,1892880000,25878.05,70000
2026-07-23,CTS,49.0,1.5,131393233,133400020,-2441825800,4003470000,6445295800,66195.905,22750
2026-07-23,DBC,49.0,3.09,204696625,211212784,4177160000,6794170000,2617010000,36348.035,16100
2026-07-23,DCM,49.0,13.34,224800304,259406000,14324895000,16495795000,2170900000,61047.165,29700
2026-07-23,DGW,49.0,47.81,56598918,108446882,4518883900,5490433900,971550000,20037.995,34750
2026-07-23,DIG,49.0,4.38,373169384,390251283,3529379000,3567694000,38315000,141957.55,10800
2026-07-23,DPM,50.0,7.05,316032336,339995380,7637070000,12052975000,4415905000,62912.58,22700
2026-07-23,DSE,100.0,10.72,382358021,428249806,2116515000,3089195000,972680000,14552.66,22150
2026-07-23,DXG,50.0,37.57,396358996,634926225,-19672586500,1741263500,21413850000,246733.18,10550
2026-07-23,DXS,50.0,13.77,249693241,289551562,1328424000,2381883000,1053459000,14500.077,5800
2026-07-23,EIB,29.97,7.25,519476402,560090574,-22540855600,38425965000,60966820600,174976.855,17650
2026-07-23,EVF,15.0,2.42,111329463,114084870,-82073000,1666555000,1748628000,40606.005,12550
2026-07-23,FPT,49.0,55.31,373012708,834718489,-40728467800,34380021200,75108489000,407989.66,64700
2026-07-23,FRT,49.0,64.21,29865641,83447874,37086100000,46721460000,9635360000,82059.98,109000
2026-07-23,FTS,100.0,24.77,286752066,381145750,-692263500,3272025000,3964288500,31072.785,23000
2026-07-23,GAS,49.0,4.21,1132616553,1182345380,15048483100,20336603100,5288120000,99188.47,66800
2026-07-23,GEE,50.0,2.16,313337596,320249605,24020920000,25041600000,1020680000,97501.28,71200
2026-07-23,GEX,50.0,14.61,558672786,654235679,-11235712900,94826375300,106062088200,454079.435,22200
2026-07-23,GMD,49.0,83.08,35356620,208982603,-47699570000,26023120000,73722690000,236111.38,72000
2026-07-23,GVR,13.0,5.04,493810520,520000000,-25004280000,14557695000,39561975000,68249.94,27100
2026-07-23,HAG,49.0,3.8,597473393,621059294,7043005000,7043005000,0,45364.61,14050
2026-07-23,HCM,49.0,70.1,158370731,529590573,5337287900,15917191700,10579903800,248864.975,25950
2026-07-23,HDB,27.0,80.27,266662315,1351424607,-41134489800,22987670000,64122159800,297281.195,25950
2026-07-23,HDC,49.0,2.9,109296053,112559097,-574291700,1395993300,1970285000,23960.535,12200
2026-07-23,HDG,50.0,33.2,135915739,203478666,-4423163500,5820670000,10243833500,32815.68,16400
2026-07-23,HHV,49.0,21.04,211691352,268111485,1333596400,1338454000,4857600,25853.598,10050
2026-07-23,HPG,49.0,43.8,2325146265,4137052614,-77295147150,207540627000,284835774150,763617.89,20800
2026-07-23,HSG,49.0,6.62,369354634,395558724,2807730000,3453825000,646095000,30479.52,10500
2026-07-23,HT1,49.0,4.33,178876925,186979056,-58830000,43455000,102285000,1998.45,12300
2026-07-23,IMP,77.96,93.2,8161493,120091737,42704000,42704000,0,479.47,35000
2026-07-23,KBC,49.0,15.27,390990648,461459831,-3248620000,9656640000,12905260000,51009.725,27750
2026-07-23,KDC,50.0,27.37,105249329,144903158,-199936200,24148800,224085000,2124.47,48800
2026-07-23,KDH,50.0,49.7,282209015,561107449,-22663150450,18600955000,41264105450,101098.555,18000
2026-07-23,KOS,49.0,0.25,105807794,106075854,-116280000,0,116280000,2247.38,35500
2026-07-23,LPB,5.0,23.55,114196017,149364105,45935150000,56093350000,10158200000,157126.84,53300
2026-07-23,MBB,23.24,95.22,89442571,1871587283,-153457020550,31819579450,185276600000,462728.685,22050
2026-07-23,MSB,30.0,25.69,695584771,936000000,3402725000,18580300000,15177575000,107599.585,16050
2026-07-23,MSN,106.16,24.03,1166132553,1534951081,-51907582000,55166726000,107074308000,320097.66,64000
2026-07-23,MWG,49.24,100.0,0,723747294,-3990370800,44172499400,48162870200,624606.67,71500
2026-07-23,NAB,30.0,4.04,592705787,617646684,-3254745000,1467825000,4722570000,35082.945,12500
2026-07-23,NKG,50.0,9.37,223106162,246161980,2143140000,3232080000,1088940000,27334.995,10600
2026-07-23,NLG,50.0,81.42,45070923,242548691,5393503000,15295274000,9901771000,63676.52,21800
2026-07-23,NT2,49.0,22.12,109861937,141059254,928255000,1263105000,334850000,12046.865,21350
2026-07-23,NVL,49.0,10.71,1050988406,1177013306,-12442313500,10950856500,23393170000,207521.535,12700
2026-07-23,OCB,22.0,89.06,64098253,585871502,1535285000,2176580000,641295000,25689.91,10400
2026-07-23,PAN,49.0,45.58,68814376,126455768,-5855000,529240000,535095000,16483.225,21000
2026-07-23,PC1,50.0,17.22,170224915,205642671,-4247705000,5533340000,9781045000,39021.0,21000
2026-07-23,PDR,50.0,13.65,430806844,498904689,14265415000,14302460000,37045000,141342.735,12100
2026-07-23,PHR,49.0,25.13,49711207,66394607,4387170000,6445720000,2058550000,32076.98,57000
2026-07-23,PLX,20.0,69.87,77956320,258775616,9145835000,9496695000,350860000,48740.14,33400
2026-07-23,PNJ,49.0,93.42,16516428,250826843,-15883830000,15880525000,31764355000,19390.435,33050
2026-07-23,POW,50.0,9.41,1389561767,1533922844,19793525000,27440205000,7646680000,117007.715,13550
2026-07-23,PVD,50.0,18.5,226701491,278148003,-1082450000,7114710000,8197160000,70156.285,18500
2026-07-23,PVT,49.0,26.8,168549454,230266305,-3414695000,4237815000,7652510000,49038.205,16950
2026-07-23,REE,49.0,100.0,0,305220527,7271600,39948500,32676900,34650.37,44500
2026-07-23,SAB,100.0,58.66,530200651,1282562372,1125822800,11444126800,10318304000,40640.225,47000
2026-07-23,SBT,102.38,19.7,745189839,928026375,-952400000,1266550000,2218950000,14264.48,20750
2026-07-23,SCS,32.25,28.01,22266560,30929304,440102500,515547500,75445000,7109.865,44000
2026-07-23,SHB,34.9,13.44,1387818488,1603260007,74703617050,101047897050,26344280000,1071822.26,12000
2026-07-23,SIP,49.0,4.65,113121533,118635342,465620000,535520000,69900000,5249.96,46750
2026-07-23,SJS,50.0,1.13,147059783,148737414,36340000,69225000,32885000,4360.145,47400
2026-07-23,SSB,30.0,0.95,1018830789,1028640000,-171025000,3229960000,3400985000,36168.5,15650
2026-07-23,SSI,100.0,30.74,1733663923,2503089220,6054174100,62653265150,56599091050,691490.895,23550
2026-07-23,STB,30.0,37.97,350844971,565564714,28373120000,39077820000,10704700000,464474.85,72000
2026-07-23,SZC,20.0,6.72,33576568,35997172,1010135000,1575295000,565160000,9130.39,18850
2026-07-23,TCB,22.54,94.77,83504503,1597139381,-117845940000,40499880000,158345820000,491417.26,29250
2026-07-23,TCH,51.0,19.58,374076259,465175704,-13560752000,15424353000,28985105000,74677.8,11900
2026-07-23,TPB,30.0,76.34,196910070,832214061,-81923328500,32219155000,114142483500,217541.88,14000
2026-07-23,VCB,30.0,67.12,824241997,2506702528,-88490150000,56793840000,145283990000,398109.83,54000
2026-07-23,VCG,49.0,4.37,302913727,316769484,1831240000,3383370000,1552130000,39844.175,15800
2026-07-23,VCI,100.0,17.51,946689501,1147631925,-14473478900,9091830000,23565308900,172795.525,20500
2026-07-23,VGC,49.0,1.86,215601500,219691500,1916870000,3137740000,1220870000,27483.295,39100
2026-07-23,VHC,100.0,18.89,169885928,209453159,147850000,1433640000,1285790000,13122.29,53900
2026-07-23,VHM,50.0,15.08,1743951070,2053706002,5643370000,159334099000,153690729000,594771.99,132000
2026-07-23,VIB,4.99,75.0,42460963,169859884,10151995000,11260940000,1108945000,108727.905,14600
2026-07-23,VIC,48.19,6.62,3467695653,3713436895,40954373600,207906641000,166952267400,891701.38,214000
2026-07-23,VIX,100.0,7.56,2264998139,2450287772,28206638100,118667773000,90461134900,880517.79,12900
2026-07-23,VJC,30.0,20.79,182748430,230727888,3667867800,19393018400,15725150600,154001.16,127600
2026-07-23,VND,100.0,8.69,1390044863,1522299908,15060075000,23184980000,8124905000,285725.15,17150
2026-07-23,VNM,100.0,49.28,1060024177,2089955445,-3874998000,80862032000,84737030000,278786.7,57800
2026-07-23,VPB,30.0,78.7,506878350,2380177080,-84556950000,16933510000,101490460000,472214.555,25000
2026-07-23,VPI,49.0,20.05,125373576,156824292,-4251010000,6740680000,10991690000,106734.52,64100
2026-07-23,VPL,51.3,12.84,801787571,919950684,5472630000,15327580000,9854950000,51959.73,74900
2026-07-23,VRE,49.0,23.72,870422003,1141121020,-55553688500,41959161500,97512850000,155473.16,22000
2026-07-23,VSC,49.0,7.02,170556929,183441477,10860704750,24200079750,13339375000,142088.7,14250
2026-07-23,VTP,49.0,7.67,77827894,84294650,2047897200,2487935000,440037800,16948.96,48500
2026-07-24,ACB,30.0,81.98,313720186,1741326587,-45940597600,33469717300,79410314900,302056.465,22500
2026-07-24,ANV,49.0,5.78,123119895,130667075,-1821225000,160720000,1981945000,6993.75,16900
2026-07-24,BAF,50.0,5.33,172687657,182412453,290000,142100000,141810000,30545.155,28900
2026-07-24,BCM,34.0,2.35,343619314,351900000,-2436415000,398775000,2835190000,10354.985,37700
2026-07-24,BID,30.0,58.42,908057682,2184019563,7222203500,9831893500,2609690000,107485.395,36000
2026-07-24,BMP,100.0,82.58,14264068,81860938,-961580000,1568090000,2529670000,6950.48,150000
2026-07-24,BSI,100.0,35.59,173833526,269901549,-3588320000,0,3588320000,12238.61,28200
2026-07-24,BSR,49.0,2.19,2399896153,2453576846,-24514813350,11588779000,36103592350,245093.895,24000
2026-07-24,BVH,49.0,55.7,161134244,363738154,4336070000,6023440000,1687370000,9568.33,57000
2026-07-24,BWE,49.0,4.88,102506610,107765035,-2477515000,8540000,2486055000,4323.56,43700
2026-07-24,CII,40.0,9.71,242697704,268794116,-13390028950,595162500,13985191450,90615.725,13600
2026-07-24,CMG,50.0,73.03,31418096,116477304,-438400000,19340000,457740000,3054.17,24700
2026-07-24,CTD,49.0,95.63,2441117,55872968,-3351650000,848260000,4199910000,16181.57,55100
2026-07-24,CTG,30.0,81.74,425508797,2330083391,5643656500,40129611500,34485955000,222082.24,29000
2026-07-24,CTR,49.0,8.87,51075683,56049080,7310500000,7635380000,324880000,11651.03,69900
2026-07-24,CTS,49.0,1.31,131658733,133400020,-5616983750,28080000,5645063750,35773.705,21500
2026-07-24,DBC,49.0,3.01,204860720,211212784,-2052199500,80500,2052280000,15304.84,16100
2026-07-24,DCM,49.0,13.48,224442704,259406000,-11069425000,12890700000,23960125000,44689.4,29550
2026-07-24,DGW,49.0,47.91,56491518,108446882,3057820000,4572875000,1515055000,18883.49,33500
2026-07-24,DIG,49.0,4.28,373537469,390251283,-2817412000,228873000,3046285000,72302.13,10300
2026-07-24,DPM,50.0,6.85,316702394,339995380,-3563010000,313495000,3876505000,32529.31,22600
2026-07-24,DSE,100.0,10.71,382369821,428249806,1497740000,1631980000,134240000,10400.39,21950
2026-07-24,DXG,50.0,37.52,396722641,634926225,-35885194100,392981500,36278175600,105116.85,10100
2026-07-24,DXS,50.0,13.75,249735241,289551562,-341525810,933036000,1274561810,5692.885,5870
2026-07-24,EIB,29.97,6.97,521073602,560090574,340275000,15250505000,14910230000,174150.475,17500
2026-07-24,EVF,15.0,2.42,111320163,114084870,1601170000,1870770000,269600000,20134.295,12500
2026-07-24,FPT,49.0,55.07,375010174,834718489,-23896470900,13530565300,37427036200,367299.04,62900
2026-07-24,FRT,49.0,64.29,29797287,83447874,4527574000,16360520000,11832946000,40586.02,107800
2026-07-24,FTS,100.0,24.72,286927566,381145750,-5819189200,0,5819189200,20851.915,21600
2026-07-24,GAS,49.0,4.12,1133613341,1182345380,-4191800000,3347060000,7538860000,71327.91,67200
2026-07-24,GEE,50.0,2.11,313482249,320249605,-4842931700,2174428300,7017360000,47338.95,67900
2026-07-24,GEX,50.0,14.02,562511609,654235679,-51364132950,11169954250,62534087200,257817.41,21800
2026-07-24,GMD,49.0,83.02,35492319,208982603,-8748560000,16570480000,25319040000,132865.68,73200
2026-07-24,GVR,13.0,4.94,494314620,520000000,-4599105000,644940000,5244045000,35028.24,26200
2026-07-24,HAG,49.0,3.79,597523002,621059294,1822255000,1822255000,0,26362.115,14000
2026-07-24,HCM,49.0,69.97,159060134,529590573,-6054755000,1271115000,7325870000,59152.46,25600
2026-07-24,HDB,27.0,80.33,265833515,1351424607,2810825000,31469085000,28658260000,199732.485,25850
2026-07-24,HDC,49.0,2.79,109413931,112559097,-3862344250,104190750,3966535000,15988.68,11700
2026-07-24,HDG,50.0,33.03,136269039,203478666,-2785925000,100030000,2885955000,8807.825,16300
2026-07-24,HHV,49.0,21.14,211434041,268111485,2889190000,3381618000,492428000,15598.807,9970
2026-07-24,HPG,49.0,43.68,2329855247,4137052614,87170459000,119031567000,31861108000,366810.8,20800
2026-07-24,HSG,49.0,6.53,369714834,395558724,-365730000,47970000,413700000,14530.33,10450
2026-07-24,HT1,49.0,4.33,178878725,186979056,-2445000,1215000,3660000,601.755,12200
2026-07-24,IMP,77.96,93.21,8150593,120091737,224020000,447380000,223360000,818.38,35000
2026-07-24,KBC,49.0,15.18,391402781,461459831,5226137550,6373470000,1147332450,22188.795,27850
2026-07-24,KDC,50.0,27.32,105308430,144903158,-157160600,0,157160600,2223.69,48700
2026-07-24,KDH,50.0,49.59,282856915,561107449,-26901225000,6824710000,33725935000,81666.71,17400
2026-07-24,KOS,49.0,0.23,105830794,106075854,-438530000,0,438530000,5709.63,35400
2026-07-24,LPB,5.0,23.75,113895117,149364105,2545430000,18352190000,15806760000,117398.71,52400
2026-07-24,MBB,23.24,95.1,91670289,1871587283,-56539294850,20227740900,76767035750,226117.72,21900
2026-07-24,MSB,30.0,25.63,696136071,936000000,-5603127000,6508800000,12111927000,44308.7,15950
2026-07-24,MSN,106.16,24.0,1166555988,1534951081,-16457414900,28022239000,44479653900,212343.42,63900
2026-07-24,MWG,49.24,100.0,0,723747294,10021476000,75004304720,64982828720,248861.48,68000
2026-07-24,NAB,30.0,3.92,593411719,617646684,462650000,2869655000,2407005000,26943.75,12500
2026-07-24,NKG,50.0,9.31,223238662,246161980,-2874745000,175130000,3049875000,17297.795,10500
2026-07-24,NLG,50.0,81.3,45357831,242548691,-7504732800,3753880000,11258612800,30666.05,21350
2026-07-24,NT2,49.0,22.13,109842837,141059254,-249030000,749425000,998455000,4781.455,21300
2026-07-24,NVL,49.0,10.66,1051530586,1177013306,-16570565000,3605825000,20176390000,286331.975,12950
2026-07-24,OCB,25.3,89.07,73627658,673752227,-2064245000,38110000,2102355000,9878.755,10200
2026-07-24,PAN,49.0,45.52,68899356,126455768,-715981400,104228600,820210000,2130.1,20900
2026-07-24,PC1,50.0,17.15,170376015,205642671,409720000,3146010000,2736290000,36026.86,21100
2026-07-24,PDR,50.0,13.61,431028504,498904689,-3310195000,14520000,3324715000,53796.28,11950
2026-07-24,PHR,49.0,25.13,49712807,66394607,-2240100000,2131730000,4371830000,14115.56,55200
2026-07-24,PLX,20.0,70.04,77530820,258775616,11379663500,15013400000,3633736500,58313.04,33800
2026-07-24,PNJ,49.0,93.23,16985799,250826843,-533511562750,43659319000,577170881750,1271818.56,30750
2026-07-24,POW,50.0,9.41,1389614867,1533922844,-63985000,7284615000,7348600000,60334.67,13350
2026-07-24,PVD,50.0,17.5,229474891,278148003,-4612097000,378950000,4991047000,81437.595,19000
2026-07-24,PVT,49.0,26.74,168690954,230266305,-10135230100,1123800000,11259030100,38789.65,16850
2026-07-24,REE,49.0,100.0,0,305220527,33870850,33870850,0,13512.02,44400
2026-07-24,SAB,100.0,58.65,530369218,1282562372,1856074150,3526186800,1670112650,28613.765,46500
2026-07-24,SBT,102.38,19.66,745575289,928026375,-1625110000,0,1625110000,9475.67,20750
2026-07-24,SCS,32.25,27.94,22287260,30929304,-433365000,126430000,559795000,3122.45,43500
2026-07-24,SHB,34.9,13.43,1387973758,1603260007,-59587114500,18183125000,77770239500,533806.515,11800
2026-07-24,SIP,49.0,4.64,113135833,118635342,463745000,491830000,28085000,4277.025,46700
2026-07-24,SJS,50.0,1.13,147061483,148737414,23230000,32620000,9390000,1636.27,47200
2026-07-24,SSB,30.0,0.96,1018778089,1028640000,2188115000,4169785000,1981670000,30187.49,15400
2026-07-24,SSI,100.0,30.66,1735678341,2503089220,-56109726450,27187981300,83297707750,407002.645,22800
2026-07-24,STB,30.0,37.97,350839271,565564714,-63785240000,58463840000,122249080000,447489.83,73500
2026-07-24,SZC,20.0,6.6,33619768,35997172,-234115000,55800000,289915000,3013.41,18400
2026-07-24,TCB,22.54,94.66,85216142,1597139381,-76084698750,47666981250,123751680000,307951.3,28600
2026-07-24,TCH,51.0,19.35,375183979,465175704,-1557575900,1693955000,3251530900,23655.95,11700
2026-07-24,TPB,30.0,75.9,200543670,832214061,-10717781500,4909115000,15626896500,171464.935,14200
2026-07-24,VCB,30.0,67.07,825426166,2506702528,12191675000,16361120200,4169445200,135952.38,54100
2026-07-24,VCG,49.0,4.25,303293127,316769484,-699540000,0,699540000,29273.145,15550
2026-07-24,VCI,100.0,17.53,946480801,1147631925,-21303370000,11749355000,33052725000,99570.05,19800
2026-07-24,VGC,49.0,1.84,215658500,219691500,-3057600000,0,3057600000,12670.28,37500
2026-07-24,VHC,100.0,18.85,169978628,209453159,-397400000,499390000,896790000,7350.27,53900
2026-07-24,VHM,50.0,15.05,1744703794,2053706002,-77697905000,55261616700,132959521700,375948.72,130000
2026-07-24,VIB,4.99,75.04,42390363,169859884,-13857345000,2615315000,16472660000,71618.58,14400
2026-07-24,VIC,48.19,6.59,3468891473,3713436895,-1743498000,39782679600,41526177600,552276.12,213100
2026-07-24,VIX,100.0,7.29,2271561548,2450287772,-85719845000,8565575000,94285420000,483990.7,12450
2026-07-24,VJC,30.0,20.79,182759629,230727888,16307407300,23526471300,7219064000,104052.69,127400
2026-07-24,VND,100.0,8.73,1389388903,1522299908,10456114000,14598699000,4142585000,110902.925,16500
2026-07-24,VNM,100.0,49.27,1060180521,2089955445,23572081000,73934130000,50362049000,245964.69,58900
2026-07-24,VPB,30.0,78.69,507325710,2380177080,-77671114500,15617530500,93288645000,305236.365,24950
2026-07-24,VPI,49.0,19.98,125484376,156824292,-4178660000,1544570000,5723230000,85759.25,63600
2026-07-24,VPL,51.3,12.84,801825971,919950684,6056710000,7857250000,1800540000,55105.56,74500
2026-07-24,VRE,49.0,23.48,873193441,1141121020,-17090239000,11510646000,28600885000,69699.03,21900
2026-07-24,VSC,49.0,6.54,171452279,183441477,-13436696250,2615583750,16052280000,93346.42,13450
2026-07-24,VTP,49.0,7.63,77860728,84294650,-1021127750,61851150,1082978900,6687.67,47600
2026-07-27,ACB,30.0,81.56,321054802,1741326587,-45082220750,59354495000,104436715750,425225.13,22300
2026-07-27,ANV,49.0,5.69,123238295,130667075,-993220000,496665000,1489885000,10313.355,16150
2026-07-27,BAF,50.0,5.21,172909657,182412453,-4211565000,2064955000,6276520000,79798.695,28850
2026-07-27,BCM,34.0,2.32,343751414,351900000,-11216945000,1204025000,12420970000,33857.425,35100
2026-07-27,BID,30.0,58.41,908244781,2184019563,-18965383300,4078041700,23043425000,126473.39,34700
2026-07-27,BMP,100.0,82.58,14261931,81860938,414472400,1985800000,1571327600,9078.59,148500
2026-07-27,BSI,100.0,35.6,173827626,269901549,-3174328800,163280000,3337608800,20365.475,26250
2026-07-27,BSR,49.0,2.19,2399960658,2453576846,-217491950,10113398050,10330890000,204827.155,23700
2026-07-27,BVH,49.0,55.71,161109244,363738154,1872180000,3381870000,1509690000,13965.29,57500
2026-07-27,BWE,49.0,4.86,102522610,107765035,-276865000,137700000,414565000,1982.215,43700
2026-07-27,CII,40.0,9.97,242000494,268794116,-6233265000,12227965000,18461230000,160601.07,12650
2026-07-27,CMG,50.0,73.01,31442296,116477304,-1921655000,166590000,2088245000,4814.46,23600
2026-07-27,CTD,49.0,95.67,2422054,55872968,3270965000,6630014500,3359049500,30248.24,55200
2026-07-27,CTG,30.0,81.68,426866728,2330083391,-17868604500,10332399600,28201004100,187816.31,28750
2026-07-27,CTR,49.0,8.9,51059770,56049080,-243764800,1598327000,1842091800,6189.95,68000
2026-07-27,CTS,49.0,1.56,131320733,133400020,2772680000,7137500000,4364820000,65856.29,20000
2026-07-27,DBC,49.0,3.02,204828125,211212784,-4745555000,98435000,4843990000,24595.355,15700
2026-07-27,DCM,49.0,13.28,224962204,259406000,-23550650000,3411600000,26962250000,49622.81,29000
2026-07-27,DGW,49.0,48.13,56251618,108446882,7204015000,9405715000,2201700000,24193.605,33150
2026-07-27,DIG,49.0,4.56,372468689,390251283,-405394000,11530776000,11936170000,191519.116,9690
2026-07-27,DPM,50.0,6.85,316694514,339995380,-12300930000,636205000,12937135000,41377.99,22250
2026-07-27,DSE,100.0,10.71,382393121,428249806,-4053620000,0,4053620000,13481.34,21550
2026-07-27,DXG,50.0,37.65,395871556,634926225,-10245230000,9807800000,20053030000,163556.394,9970
2026-07-27,DXS,50.0,13.7,249896341,289551562,217437000,2796706000,2579269000,8829.237,5610
2026-07-27,EIB,29.97,5.48,529379802,560090574,-1546210000,7808110000,9354320000,102877.015,17200
2026-07-27,EVF,15.0,2.42,111327363,114084870,-6548448100,13695000,6562143100,16621.765,12000
2026-07-27,FPT,49.0,55.13,374545907,834718489,114251000,52667461000,52553210000,279654.55,62200
2026-07-27,FRT,49.0,64.34,29759473,83447874,29573339100,33554060000,3980720900,40387.25,107800
2026-07-27,FTS,100.0,24.74,286853354,381145750,-4021312050,1580515000,5601827050,49715.785,20100
2026-07-27,GAS,49.0,4.08,1134082546,1182345380,670446000,5098500000,4428054000,57259.44,66900
2026-07-27,GEE,50.0,2.11,313484406,320249605,-19259655000,2715945000,21975600000,89288.44,63500
2026-07-27,GEX,50.0,13.72,564498170,654235679,-34703510000,13771815000,48475325000,321956.195,20300
2026-07-27,GMD,49.0,82.78,35991060,208982603,-12187495000,6767445000,18954940000,65732.68,72300
2026-07-27,GVR,13.0,4.98,494119020,520000000,4580725000,5953070000,1372345000,41086.01,26000
2026-07-27,HAG,49.0,3.79,597512602,621059294,-3451795000,0,3451795000,30477.46,13700
2026-07-27,HCM,49.0,69.93,159273809,529590573,-15111852500,1460962500,16572815000,112496.815,25000
2026-07-27,HDB,27.0,80.15,268242389,1351424607,5583359750,48392005000,42808645250,230048.315,25300
2026-07-27,HDC,49.0,2.93,109257836,112559097,-472690000,1815330000,2288020000,22440.0,10900
2026-07-27,HDG,50.0,32.95,136431139,203478666,-6161871000,484900000,6646771000,25723.815,15500
2026-07-27,HHV,49.0,21.12,211475141,268111485,-1046103240,121235000,1167338240,13979.554,9800
2026-07-27,HPG,49.0,43.72,2328401101,4137052614,-29737003400,70999027700,100736031100,375416.215,20350
2026-07-27,HSG,49.0,6.53,369724034,395558724,-3120805500,2035000,3122840500,18117.68,10050
2026-07-27,HT1,49.0,4.33,178882925,186979056,-259100000,2390000,261490000,1132.345,11650
2026-07-27,IMP,77.96,93.2,8160593,120091737,-26955000,0,26955000,437.76,35000
2026-07-27,KBC,49.0,15.21,391259514,461459831,7806385400,13888950000,6082564600,33219.39,27700
2026-07-27,KDC,50.0,27.31,105330830,144903158,-1257705000,129400000,1387105000,5369.57,48700
2026-07-27,KDH,50.0,49.7,282217815,561107449,-18579541600,17475690000,36055231600,109266.75,16400
2026-07-27,KOS,49.0,0.22,105840894,106075854,-148680000,49700000,198380000,4007.2,35500
2026-07-27,LPB,5.0,23.99,113535560,149364105,69507970000,85610210000,16102240000,304520.19,54000
2026-07-27,MBB,23.24,95.34,87269542,1871587283,56364719450,121904982700,65540263250,302436.825,21650
2026-07-27,MSB,30.0,25.08,701252378,936000000,-19334954250,1740785750,21075740000,73019.47,15800
2026-07-27,MSN,106.16,23.95,1167363164,1534951081,12412769000,29104800000,16692031000,296512.43,63900
2026-07-27,MWG,49.24,100.0,0,723747294,-30370692200,27290058800,57660751000,506231.1,63300
2026-07-27,NAB,31.46,3.71,623607919,647646684,-1844637400,0,1844637400,19708.185,12250
2026-07-27,NKG,50.0,9.29,223284862,246161980,-4158670000,1045000,4159715000,20163.2,10400
2026-07-27,NLG,50.0,81.39,45149531,242548691,-2245345000,9534920000,11780265000,57949.825,20000
2026-07-27,NT2,49.0,22.04,109973337,141059254,-979115000,841300000,1820415000,6952.87,21100
2026-07-27,NVL,49.0,10.71,1050922936,1177013306,-8987176150,9002445000,17989621150,252861.45,12700
2026-07-27,OCB,25.3,89.08,73569158,673752227,-3509738200,228080000,3737818200,20606.995,10000
2026-07-27,PAN,49.0,45.51,68902976,126455768,-1106040000,42650000,1148690000,4527.095,20150
2026-07-27,PC1,50.0,17.46,169744315,205642671,6984180000,18024195000,11040015000,76534.96,21650
2026-07-27,PDR,50.0,13.55,431297844,498904689,-6163928700,277960000,6441888700,66531.85,11150
2026-07-27,PHR,49.0,25.15,49694407,66394607,-242830000,3750030000,3992860000,27765.7,57000
2026-07-27,PLX,20.0,70.06,77464730,258775616,-2350445000,4660025000,7010470000,43998.415,32800
2026-07-27,PNJ,49.0,92.46,18915280,250826843,-2976769350,91183982500,94160751850,330824.79,32900
2026-07-27,POW,50.0,9.37,1390237067,1533922844,816900000,7138000000,6321100000,49946.725,13200
2026-07-27,PVD,50.0,17.34,229908891,278148003,-4628135000,283760000,4911895000,32125.69,18300
2026-07-27,PVT,49.0,26.77,168624454,230266305,-4635745000,2248340000,6884085000,36210.08,16300
2026-07-27,REE,49.0,100.0,0,305220527,6394639850,6394639850,0,25501.535,44400
2026-07-27,SAB,100.0,58.66,530201500,1282562372,10266044000,11349069000,1083025000,41693.995,46600
2026-07-27,SBT,102.38,19.65,745695792,928026375,-1156027400,489740000,1645767400,11708.31,20700
2026-07-27,SCS,32.25,27.96,22281750,30929304,-380650000,142455000,523105000,4080.725,42700
2026-07-27,SHB,34.9,13.34,1389392548,1603260007,-71309941100,2372051000,73681992100,521779.35,11450
2026-07-27,SIP,49.0,4.64,113135633,118635342,112732850,117470000,4737150,6496.59,46600
2026-07-27,SJS,50.0,1.13,147060683,148737414,-184745000,27630000,212375000,8788.81,47200
2026-07-27,SSB,30.0,0.94,1018962889,1028640000,365875000,1680110000,1314235000,28588.255,15550
2026-07-27,SSI,100.0,30.11,1749498536,2503089220,-63113178600,5124449000,68237627600,374912.955,22000
2026-07-27,STB,30.0,37.45,353776871,565564714,-1176979000,21411570000,22588549000,176494.12,72500
2026-07-27,SZC,20.0,6.66,33600368,35997172,-232755000,499995000,732750000,12200.13,17150
2026-07-27,TCB,22.54,94.46,88549482,1597139381,-71680250600,16566704800,88246955400,295035.5,28250
2026-07-27,TCH,51.0,19.22,375757379,465175704,4277303150,7338105000,3060801850,56926.165,11000
2026-07-27,TPB,30.0,74.65,211005285,832214061,-15076955000,2437286000,17514241000,88793.34,13900
2026-07-27,VCB,30.0,66.94,828679460,2506702528,3960488000,31931788000,27971300000,139665.98,54000
2026-07-27,VCG,49.0,4.24,303352227,316769484,-1449695000,744810000,2194505000,28076.785,15300
2026-07-27,VCI,100.0,17.48,947031839,1147631925,-7099947600,6141887400,13241835000,172625.475,18450
2026-07-27,VGC,49.0,1.83,215680500,219691500,-3440225000,15160000,3455385000,15833.75,37100
2026-07-27,VHC,100.0,18.85,169970728,209453159,-2124660000,779900000,2904560000,11306.29,53200
2026-07-27,VHM,50.0,15.03,1744951193,2053706002,-68616479300,85816668700,154433148000,486742.37,131000
2026-07-27,VIB,4.99,70.44,50208204,169859884,-11043014450,1560010000,12603024450,60422.84,14150
2026-07-27,VIC,48.19,6.57,3469561470,3713436895,13428880200,105955458200,92526578000,620907.33,213500
2026-07-27,VIX,100.0,7.32,2271008533,2450287772,-55128173000,25869390000,80997563000,557404.165,11750
2026-07-27,VJC,30.0,20.63,183136035,230727888,1526246600,10374422000,8848175400,133800.18,126000
2026-07-27,VND,100.0,8.7,1389921701,1522299908,-20497415650,4022533200,24519948850,248095.06,15350
2026-07-27,VNM,100.0,49.27,1060172054,2089955445,-8723227700,51359972200,60083199900,215989.88,57900
2026-07-27,VPB,30.0,78.38,514596120,2380177080,-95828279100,2058889500,97887168600,312152.64,24550
2026-07-27,VPI,49.0,19.91,125601276,156824292,-15947170000,152320000,16099490000,71836.45,62400
2026-07-27,VPL,51.3,12.84,801840270,919950684,616070000,1757500000,1141430000,28795.26,74000
2026-07-27,VRE,49.0,23.38,874367576,1141121020,-18658657000,6649780000,25308437000,66491.45,21350
2026-07-27,VSC,49.0,7.31,170036929,183441477,16797075000,20366140000,3569065000,118291.58,12700
2026-07-27,VTP,49.0,7.64,77853525,84294650,-988303500,421935000,1410238500,14051.72,45500
2026-07-28,ACB,30.0,81.44,323276797,1741326587,3626919500,44081455000,40454535500,350277.96,22500
2026-07-28,ANV,49.0,5.83,123044495,130667075,2672910000,3641595000,968685000,9278.74,16850
2026-07-28,BAF,50.0,5.26,172811857,182412453,3854797500,5267770000,1412972500,38784.435,29000
2026-07-28,BCM,34.0,2.36,343601302,351900000,-7517785000,6460945000,13978730000,27916.165,35550
2026-07-28,BID,30.0,58.4,908625139,2184019563,3214745300,12971525300,9756780000,97182.205,35100
2026-07-28,BMP,100.0,82.58,14259741,81860938,812214900,1887860000,1075645100,11816.16,148100
2026-07-28,BSI,100.0,35.62,173760826,269901549,259345000,1772430000,1513085000,16957.335,26900
2026-07-28,BSR,49.0,2.23,2398906833,2453576846,31930701300,38749876300,6819175000,174288.095,24250
2026-07-28,BVH,49.0,55.71,161114144,363738154,-776910000,994670000,1771580000,8917.07,56600
2026-07-28,BWE,49.0,4.83,102554756,107765035,-578305000,360620000,938925000,3248.23,43000
2026-07-28,CII,40.0,10.52,240520664,268794116,28354045000,31014900000,2660855000,114880.975,13000
2026-07-28,CMG,50.0,73.03,31418056,116477304,-718207050,1091630000,1809837050,7446.32,23850
2026-07-28,CTD,49.0,95.91,2286926,55872968,9000623200,10012720000,1012096800,26349.07,57600
2026-07-28,CTG,30.0,81.68,426882097,2330083391,-16740062550,9835770000,26575832550,142938.27,29000
2026-07-28,CTR,49.0,9.12,50936083,56049080,6169820000,10003300000,3833480000,20107.47,69000
2026-07-28,CTS,49.0,1.63,131220601,133400020,3674475000,6412880000,2738405000,40359.04,20450
2026-07-28,DBC,49.0,3.17,204519825,211212784,4847034100,5506255000,659220900,29751.79,16000
2026-07-28,DCM,49.0,13.51,224347404,259406000,20465900000,22989840000,2523940000,63451.55,30300
2026-07-28,DGW,49.0,48.37,55993918,108446882,8836255000,10820740000,1984485000,22310.57,33950
2026-07-28,DIG,49.0,4.99,370760389,390251283,25654304000,28272856000,2618552000,153237.403,9960
2026-07-28,DPM,50.0,6.89,316557695,339995380,-1518640000,3739585000,5258225000,45482.59,22650
2026-07-28,DSE,100.0,10.72,382360021,428249806,-2211190000,602715000,2813905000,12923.68,21700
2026-07-28,DXG,50.0,37.33,397890496,634926225,1916920100,11648813000,9731892900,125231.3,10250
2026-07-28,DXS,50.0,13.79,249624441,289551562,3552917000,3888451000,335534000,9601.415,5660
2026-07-28,EIB,29.97,5.27,530579935,560090574,-6253865000,9080975000,15334840000,76339.66,17350
2026-07-28,EVF,15.0,2.51,111225303,114084870,-65120000,1367175000,1432295000,17882.89,11800
2026-07-28,FPT,49.0,55.13,374568269,834718489,42342405800,90693941600,48351535800,338025.26,63000
2026-07-28,FRT,49.0,64.45,29664099,83447874,5433290000,13913520000,8480230000,38769.76,107700
2026-07-28,FTS,100.0,24.76,286758561,381145750,1588775000,3948345000,2359570000,27286.945,20850
2026-07-28,GAS,49.0,4.09,1134034777,1182345380,322449800,7627490000,7305040200,41415.84,67000
2026-07-28,GEE,50.0,2.19,313240556,320249605,9651493000,15071693000,5420200000,57550.67,63500
2026-07-28,GEX,50.0,13.95,562967513,654235679,7696665750,44034400000,36337734250,239723.24,20900
2026-07-28,GMD,49.0,82.63,36300260,208982603,16376020000,29062050000,12686030000,60252.49,72900
2026-07-28,GVR,13.0,4.81,494989320,520000000,-1082975000,2612205000,3695180000,31122.6,26350
2026-07-28,HAG,49.0,3.8,597438802,621059294,-4185160000,1090550000,5275710000,46126.665,14000
2026-07-28,HCM,49.0,70.01,158841134,529590573,-6520875000,8767975000,15288850000,133749.43,25300
2026-07-28,HDB,27.0,80.0,270239761,1351424607,-28689665000,32597400000,61287065000,286401.675,25100
2026-07-28,HDC,49.0,3.32,108824953,112559097,6470300800,6873505000,403204200,23682.475,11200
2026-07-28,HDG,50.0,33.05,136219789,203478666,7789438000,7956130000,166692000,20812.56,16100
2026-07-28,HHV,49.0,21.13,211455941,268111485,-639585000,347721000,987306000,19230.142,9830
2026-07-28,HPG,49.0,43.91,2320351963,4137052614,241238788650,278534088000,37295299350,603109.25,21000
2026-07-28,HSG,49.0,6.6,369433234,395558724,592050150,3325133000,2733082850,33598.634,10450
2026-07-28,HT1,49.0,4.34,178872925,186979056,166710000,184145000,17435000,2135.095,11900
2026-07-28,IMP,77.96,93.21,8159493,120091737,30645000,30645000,0,287.175,35000
2026-07-28,KBC,49.0,15.18,391410947,461459831,-114015000,5169365000,5283380000,33370.0,27800
2026-07-28,KDC,50.0,27.31,105324729,144903158,-618960000,218675000,837635000,4882.025,48800
2026-07-28,KDH,50.0,49.85,281413785,561107449,50446248200,52135098200,1688850000,92844.42,16950
2026-07-28,KOS,49.0,0.22,105845594,106075854,-62920000,0,62920000,66.44,34800
2026-07-28,LPB,5.0,24.2,113223260,149364105,30765440000,38012830000,7247390000,139713.04,53500
2026-07-28,MBB,23.24,95.24,88999550,1871587283,30084610200,140252550200,110167940000,377455.27,22150
2026-07-28,MSB,30.0,25.08,701229079,936000000,-9277795000,2211060000,11488855000,58401.815,15900
2026-07-28,MSN,106.16,23.99,1166647862,1534951081,93668312400,116683432400,23015120000,361985.9,65700
2026-07-28,MWG,49.24,100.0,0,723747294,4903914000,94671754277,89767840277,448552.32,65200
2026-07-28,NAB,31.46,3.7,623659719,647646684,-192951000,2480080000,2673031000,24414.125,12250
2026-07-28,NKG,50.0,9.35,223142562,246161980,488310000,1501145000,1012835000,18963.82,10650
2026-07-28,NLG,50.0,81.73,44303631,242548691,12502100000,25718820000,13216720000,56261.02,20600
2026-07-28,NT2,49.0,22.14,109830037,141059254,-19873900000,3079590000,22953490000,27756.285,20500
2026-07-28,NVL,49.0,10.64,1051833106,1177013306,-47654015000,9020205000,56674220000,210686.74,12950
2026-07-28,OCB,25.3,89.11,73346558,673752227,2424699000,2912697000,487998000,21227.754,10100
2026-07-28,PAN,49.0,45.54,68868375,126455768,-432412950,726805200,1159218150,4310.795,20050
2026-07-28,PC1,50.0,17.41,169849446,205642671,10209460750,13494345750,3284885000,33815.18,21400
2026-07-28,PDR,50.0,14.05,428786154,498904689,10167191000,23082141000,12914950000,172047.8,11500
2026-07-28,PHR,49.0,25.47,49484607,66394607,-9630870000,15325440000,24956310000,40741.25,55000
2026-07-28,PLX,20.0,70.13,77307930,258775616,4021250000,9779735000,5758485000,55670.265,32700
2026-07-28,PNJ,49.0,93.38,16603939,250826843,172747980200,189812090200,17064110000,697335.435,32650
2026-07-28,POW,50.0,9.38,1390022867,1533922844,-10932440000,10102305000,21034745000,88740.835,13300
2026-07-28,PVD,50.0,17.29,230055791,278148003,-3369240000,665060000,4034300000,25027.85,18350
2026-07-28,PVT,49.0,26.7,168787754,230266305,2326510000,3817775000,1491265000,17941.76,16650
2026-07-28,REE,49.0,100.0,0,305220527,-5102335000,1006748200,6109083200,21063.37,44500
2026-07-28,SAB,100.0,58.68,530008000,1282562372,4132535000,9338485000,5205950000,24495.22,43150
2026-07-28,SBT,102.38,19.64,745753292,928026375,-882875000,257375000,1140250000,10014.915,20700
2026-07-28,SCS,32.25,27.95,22285150,30929304,-130811500,190563500,321375000,5093.55,42600
2026-07-28,SHB,34.9,14.01,1378581888,1603260007,91852270000,114287520000,22435250000,904278.425,11400
2026-07-28,SIP,49.0,4.64,113129834,118635342,98940000,298230000,199290000,2867.38,47150
2026-07-28,SJS,50.0,1.13,147056783,148737414,-10780500,101640000,112420500,3148.84,47200
2026-07-28,SSB,30.0,0.94,1018927789,1028640000,-894395000,2156925000,3051320000,32240.265,15550
2026-07-28,SSI,100.0,30.27,1745385546,2503089220,-336438300,93770740000,94107178300,688844.79,23000
2026-07-28,STB,30.0,37.55,353186271,565564714,10512520000,35273150000,24760630000,129065.5,72500
2026-07-28,SZC,20.0,7.04,33463568,35997172,2717300000,2817120000,99820000,7699.79,17400
2026-07-28,TCB,22.54,94.33,90600733,1597139381,-40336150000,186753315000,227089465000,295436.62,28500
2026-07-28,TCH,51.0,19.4,374910286,465175704,7424420000,25401195000,17976775000,75256.125,11250
2026-07-28,TPB,30.0,74.0,216361003,832214061,-3534655000,12664520000,16199175000,114572.46,14050
2026-07-28,VCB,30.0,66.88,830334446,2506702528,-19116775200,20354806000,39471581200,140958.48,54100
2026-07-28,VCG,49.0,4.27,303252527,316769484,545740000,2061625000,1515885000,37166.155,15350
2026-07-28,VCI,100.4,17.65,948885985,1152231925,-36410470000,74475930000,110886400000,318527.37,19700
2026-07-28,VGC,49.0,1.85,215621200,219691500,421960000,2066895000,1644935000,17300.965,35750
2026-07-28,VHC,100.0,18.85,169963128,209453159,267710000,1322360000,1054650000,4803.74,53800
2026-07-28,VHM,50.0,15.03,1745026929,2053706002,-2945664808700,65599445300,3011264254000,350078.75,131900
2026-07-28,VIB,4.99,70.81,49590044,169859884,3744860300,10249535000,6504674700,70055.83,14400
2026-07-28,VIC,48.19,6.57,3469505321,3713436895,42529353200,105617903000,63088549800,586495.44,213800
2026-07-28,VIX,100.0,7.5,2266559333,2450287772,-21562840000,61257795000,82820635000,681193.41,12300
2026-07-28,VJC,30.0,20.61,183178571,230727888,-10375937000,3959300000,14335237000,121074.97,123400
2026-07-28,VND,100.0,8.84,1387777903,1522299908,23107026250,37493220000,14386193750,288679.33,16400
2026-07-28,VNM,100.0,49.35,1058483731,2089955445,130288597200,152764260000,22475662800,310268.01,59600
2026-07-28,VPB,30.0,78.25,517696050,2380177080,-55739405000,13575730900,69315135900,293058.575,24600
2026-07-28,VPI,49.0,19.87,125668176,156824292,-5994430000,954250000,6948680000,107856.78,62900
2026-07-28,VPL,51.3,12.85,801695870,919950684,-274420000,11949170000,12223590000,37135.47,74500
2026-07-28,VRE,49.0,23.2,876403316,1141121020,-10454932800,18350250000,28805182800,80197.3,21300
2026-07-28,VSC,49.0,8.93,167068529,183441477,34406980000,37939575000,3532595000,157511.095,13000
2026-07-28,VTP,49.0,7.75,77763225,84294650,2672182600,4296080000,1623897400,20353.66,44800
2026-07-29,ACB,30.0,81.31,325483342,1741326587,-45871483200,16291127450,62162610650,261369.85,22300
2026-07-29,ANV,49.0,5.76,123143995,130667075,308760000,1047145000,738385000,6731.56,16950
2026-07-29,BAF,50.0,5.27,172795862,182412453,1599325000,1782270000,182945000,22410.84,29350
2026-07-29,BCM,34.0,2.3,343790714,351900000,-2433440000,2322165000,4755605000,27114.57,35000
2026-07-29,BID,30.0,58.39,908803851,2184019563,-10435460000,3658070000,14093530000,78939.955,35450
2026-07-29,BMP,100.0,82.57,14266851,81860938,-147360000,965660000,1113020000,5904.95,148100
2026-07-29,BSI,100.0,35.55,173947926,269901549,259345000,1772430000,1513085000,4261.975,27000
2026-07-29,BSR,49.0,2.24,2398540031,2453576846,26490710000,38323635000,11832925000,176547.6,24800
2026-07-29,BVH,49.0,55.71,161093514,363738154,1141428000,2273238000,1131810000,18902.74,59000
2026-07-29,BWE,49.0,4.78,102614306,107765035,-554035000,0,554035000,17623.06,43800
2026-07-29,CII,40.0,10.19,241392490,268794116,768495950,3719575950,2951080000,55261.255,12850
2026-07-29,CMG,50.0,72.99,31456956,116477304,306550000,585960000,279410000,4352.83,23950
2026-07-29,CTD,49.0,95.78,2356974,55872968,-839051700,491500000,1330551700,12437.83,57400
2026-07-29,CTG,30.0,81.81,423795803,2330083391,72940580000,100552835000,27612255000,268799.655,29350
2026-07-29,CTR,49.0,9.41,50777283,56049080,10287040000,14669620000,4382580000,27541.24,69000
2026-07-29,CTS,49.0,1.34,131618286,133400020,-870095000,686805000,1556900000,22475.38,20200
2026-07-29,DBC,49.0,3.15,204552421,211212784,2193110000,2194740000,1630000,22811.71,16150
2026-07-29,DCM,49.0,13.4,224642096,259406000,2612862550,5234427550,2621565000,42052.68,30700
2026-07-29,DGW,49.0,48.47,55878418,108446882,2836705000,5248910000,2412205000,25246.895,35350
2026-07-29,DIG,49.0,4.91,371106269,390251283,1406543000,1859514000,452971000,62814.203,10100
2026-07-29,DPM,50.0,6.87,316639294,339995380,-471160000,5647955000,6119115000,54251.485,23000
2026-07-29,DSE,100.0,10.71,382392521,428249806,-1195975000,12960000,1208935000,8264.445,21700
2026-07-29,DXG,50.0,36.72,401806455,634926225,-2480417000,2994740000,5475157000,86592.81,10300
2026-07-29,DXS,50.0,13.82,249526834,289551562,862993000,1538576000,675583000,6157.374,5710
2026-07-29,EIB,29.97,5.17,531126135,560090574,-10495105000,0,10495105000,52888.95,17400
2026-07-29,EVF,15.0,2.41,111330603,114084870,-2372510000,0,2372510000,10061.79,11950
2026-07-29,FPT,49.0,55.2,373973163,834718489,70144704000,101533754000,31389050000,390021.76,65100
2026-07-29,FRT,51.45,64.54,31067637,87619376,7055592000,15241682000,8186090000,49311.93,108700
2026-07-29,FTS,100.0,24.68,287074573,381145750,388905000,631250000,242345000,20333.82,20600
2026-07-29,GAS,49.0,4.11,1133804344,1182345380,19792410000,26907560000,7115150000,67372.34,67900
2026-07-29,GEE,50.0,2.17,313294829,320249605,819287000,6502927000,5683640000,39933.46,63600
2026-07-29,GEX,50.0,13.37,566756586,654235679,-31654495000,5471235000,37125730000,131616.08,20700
2026-07-29,GMD,49.0,82.64,36272510,208982603,16760600000,22575520000,5814920000,48910.79,73800
2026-07-29,GVR,13.0,4.77,495205220,520000000,-5416620000,2000375000,7416995000,32947.325,26750
2026-07-29,HAG,49.0,3.82,597311602,621059294,2719405000,2858170000,138765000,21087.035,14000
2026-07-29,HCM,49.0,69.88,159515534,529590573,-1639505000,775100000,2414605000,59386.38,25250
2026-07-29,HDB,27.0,79.99,270372881,1351424607,-66830087350,28348302800,95178390150,321845.37,25500
2026-07-29,HDC,49.0,3.1,109071836,112559097,115255000,1031140000,915885000,7916.735,11150
2026-07-29,HDG,50.0,33.17,135992991,203478666,-12002319000,6551220000,18553539000,44138.945,16000
2026-07-29,HHV,49.0,21.12,211472941,268111485,-234066000,0,234066000,13352.885,9820
2026-07-29,HPG,49.0,44.07,2313930071,4137052614,140292116550,189923000800,49630884250,773260.93,21650
2026-07-29,HSG,49.0,6.59,369505054,395558724,2427605000,2614780000,187175000,25430.27,10650
2026-07-29,HT1,49.0,4.33,178875125,186979056,27400000,27400000,0,496.15,11950
2026-07-29,IMP,77.96,93.21,8153093,120091737,200005000,200005000,0,269.78,35700
2026-07-29,KBC,49.0,15.15,391562547,461459831,-6853610000,1006920000,7860530000,29395.3,27900
2026-07-29,KDC,50.0,27.33,105297163,144903158,320670000,884460000,563790000,5830.18,48950
2026-07-29,KDH,50.0,49.6,282790885,561107449,-8773505000,4096090000,12869595000,47086.235,16950
2026-07-29,KOS,49.0,0.21,105849194,106075854,-332610000,261890000,594500000,1382.485,35450
2026-07-29,LPB,5.0,24.27,113106960,149364105,-7490300000,8142980000,15633280000,171460.64,52600
2026-07-29,MBB,23.24,94.83,96773826,1871587283,-9046972650,24466897350,33513870000,194668.195,22100
2026-07-29,MSB,30.0,25.09,701123239,936000000,-2550260000,6661180000,9211440000,56246.09,15850
2026-07-29,MSN,105.11,24.05,1165768976,1534951081,51800525800,96854453800,45053928000,243252.46,66300
2026-07-29,MWG,49.0,100.0,0,723747294,18230720500,111292285648,93061565148,305140.54,66500
2026-07-29,NAB,31.46,3.67,623861119,647646684,-1436920000,342525000,1779445000,26302.495,11850
2026-07-29,NKG,50.0,9.33,223192562,246161980,2724210000,2864960000,140750000,20308.8,10900
2026-07-29,NLG,50.0,81.5,44865052,242548691,-9005230000,8572210000,17577440000,40590.255,20700
2026-07-29,NT2,49.0,22.04,109966537,141059254,-2278620000,999225000,3277845000,7474.645,20800
2026-07-29,NVL,49.0,10.45,1054066156,1177013306,-38255391250,688980000,38944371250,161811.005,12850
2026-07-29,OCB,25.3,89.08,73591158,673752227,-443961000,50255000,494216000,13698.682,10000
2026-07-29,PAN,49.0,45.5,68919456,126455768,38680000,412715000,374035000,4668.77,20600
2026-07-29,PC1,50.0,17.53,169589546,205642671,146395000,8769620000,8623225000,44912.99,21500
2026-07-29,PDR,50.0,13.73,430408114,498904689,545325000,1345595000,800270000,44072.505,11500
2026-07-29,PHR,49.0,25.05,49763307,66394607,1701220000,2293750000,592530000,7201.6,56100
2026-07-29,PLX,20.0,70.1,77363905,258775616,2030145000,4848645000,2818500000,32443.43,32950
2026-07-29,PNJ,49.0,87.08,32395886,250826843,28115914200,73424680000,45308765800,238990.57,32750
2026-07-29,POW,50.0,9.33,1390786317,1533922844,-3152790000,144145000,3296935000,66270.265,13350
2026-07-29,PVD,50.0,17.21,230286771,278148003,-6195525000,36800000,6232325000,28880.575,18400
2026-07-29,PVT,49.0,26.53,169175421,230266305,1741085000,5178575000,3437490000,26537.105,17000
2026-07-29,REE,49.0,100.0,0,305220527,8900000,8900000,0,15164.435,44500
2026-07-29,SAB,100.0,58.68,529948000,1282562372,2579320000,7717965000,5138645000,23611.57,43000
2026-07-29,SBT,102.38,19.63,745816792,928026375,-74620000,531165000,605785000,11825.04,20700
2026-07-29,SCS,32.25,27.96,22280450,30929304,-866510000,520250000,1386760000,3228.67,42650
2026-07-29,SHB,34.9,13.7,1383538889,1603260007,32082879200,33698874200,1615995000,529075.915,11200
2026-07-29,SIP,49.0,4.64,113133634,118635342,-28385000,23575000,51960000,2020.905,47100
2026-07-29,SJS,50.0,1.13,147057583,148737414,64550000,92400000,27850000,2024.785,47200
2026-07-29,SSB,30.0,0.94,1018940689,1028640000,-2069830000,1790955000,3860785000,31473.94,15400
2026-07-29,SSI,100.0,30.04,1751142029,2503089220,-38772322600,19143080600,57915403200,436778.86,23250
2026-07-29,STB,30.0,37.38,354176071,565564714,-14747590000,43497750000,58245340000,204129.99,71500
2026-07-29,SZC,20.0,7.06,33455168,35997172,462690000,485635000,22945000,4019.415,17350
2026-07-29,TCB,22.54,94.08,94555733,1597139381,-48680219800,36158336500,84838556300,242026.405,28400
2026-07-29,TCH,51.0,19.16,376066047,465175704,-10206915000,4616240000,14823155000,41329.935,11200
2026-07-29,TPB,30.0,73.86,217574147,832214061,3298615000,6159790000,2861175000,63439.3,14100
2026-07-29,VCB,30.0,66.86,830716145,2506702528,-12630593000,5972480000,18603073000,112659.77,54600
2026-07-29,VCG,49.0,4.29,303191027,316769484,-1097425000,2155295000,3252720000,72300.285,15100
2026-07-29,VCI,100.4,17.33,952582180,1152231925,2783405000,12763940000,9980535000,223068.51,20800
2026-07-29,VGC,49.0,1.83,215671200,219691500,2582975000,2810015000,227040000,13966.535,36500
2026-07-29,VHC,100.0,18.84,169986228,209453159,-74120000,307960000,382080000,2108.7,53400
2026-07-29,VHM,50.0,15.06,1744334615,2053706002,-227018296800,246823464400,473841761200,904792.56,140000
2026-07-29,VIB,4.99,70.02,50920114,169859884,-8609910000,1137965000,9747875000,78466.02,14400
2026-07-29,VIC,48.37,6.57,3482456976,3727215320,121304582600,242012199000,120707616400,1072852.89,219400
2026-07-29,VIX,100.0,6.96,2279703532,2450287772,-76780155000,774540000,77554695000,294117.66,12200
2026-07-29,VJC,30.0,20.66,183048971,230727888,-13523833900,19383530000,32907363900,162672.46,125500
2026-07-29,VND,100.0,8.81,1388139218,1522299908,7321464000,9283649000,1962185000,105840.79,16400
2026-07-29,VNM,100.0,49.41,1057291547,2089955445,34733618500,93441033500,58707415000,373146.74,60000
2026-07-29,VPB,30.0,78.11,521092613,2380177080,-38967864850,3214795150,42182660000,244923.61,24350
2026-07-29,VPI,49.0,19.98,125494176,156824292,15535660000,16139230000,603570000,112399.66,64600
2026-07-29,VPL,51.3,12.84,801843871,919950684,1315660000,1961750000,646090000,30845.81,76900
2026-07-29,VRE,49.0,23.19,876545006,1141121020,-8809215750,15314665000,24123880750,185525.295,22750
2026-07-29,VSC,49.0,8.18,168430179,183441477,-4302615000,2547060000,6849675000,74068.33,12800
2026-07-29,VTP,49.0,7.77,77743549,84294650,-7043848250,3238589750,10282438000,37055.02,45150
2026-07-30,ACB,30.0,81.17,327853894,1741326587,-63169110150,28715222500,91884332650,269708.045,22350
2026-07-30,ANV,49.0,5.74,123162195,130667075,-134010000,1272310000,1406320000,10186.235,17600
2026-07-30,BAF,50.0,5.25,172827162,182412453,-1264880000,3313295000,4578175000,71097.945,29650
2026-07-30,BCM,34.0,2.24,344031114,351900000,-6440670000,4731920000,11172590000,30386.895,36300
2026-07-30,BID,30.0,58.42,908060245,2184019563,25980330000,45038770000,19058440000,241611.24,37250
2026-07-30,BMP,100.0,82.57,14270551,81860938,370094000,875540000,505446000,8470.85,148100
2026-07-30,BSI,100.0,35.51,174046070,269901549,-551415000,441550000,992965000,18158.475,28000
2026-07-30,BSR,49.0,2.27,2397975231,2453576846,20078068500,28131240000,8053171500,184935.445,25700
2026-07-30,BVH,49.0,55.72,161056414,363738154,1111210000,3441180000,2329970000,32633.59,61100
2026-07-30,BWE,49.0,4.77,102623006,107765035,-1017550000,8600000,1026150000,13529.42,43000
2026-07-30,CII,40.0,10.12,241589390,268794116,-2735383200,6781245000,9516628200,93898.185,13400
2026-07-30,CMG,50.0,72.94,31523696,116477304,-1420977550,774152450,2195130000,4735.88,24100
2026-07-30,CTD,49.0,95.81,2342174,55872968,-1642500000,2527620000,4170120000,33774.83,59100
2026-07-30,CTG,30.0,81.79,424360260,2330083391,-6988870000,28287220000,35276090000,334234.15,30450
2026-07-30,CTR,49.0,9.4,50781284,56049080,4929810000,4929810000,0,17670.75,71000
2026-07-30,CTS,49.0,1.35,131599885,133400020,-4085921400,2053891500,6139812900,63246.69,21600
2026-07-30,DBC,49.0,3.11,204639721,211212784,2139300000,3404795000,1265495000,40002.365,16450
2026-07-30,DCM,49.0,13.15,225304201,259406000,1009655000,48181255000,47171600000,57417.06,31250
2026-07-30,DGW,49.0,48.76,55570718,108446882,-13575595000,15037370000,28612965000,64101.88,36500
2026-07-30,DIG,49.0,4.96,370879869,390251283,-5043834000,2954337000,7998171000,135511.786,10200
2026-07-30,DPM,50.0,6.69,317260694,339995380,1994670000,4391595000,2396925000,55614.855,23450
2026-07-30,DSE,100.0,10.68,382519321,428249806,133425000,1287045000,1153620000,14317.385,22100
2026-07-30,DXG,50.0,36.5,403156355,634926225,-5154750000,1205075000,6359825000,149931.92,10600
2026-07-30,DXS,50.0,13.93,249220534,289551562,1214479000,2291573000,1077094000,13029.886,5930
2026-07-30,EIB,29.97,5.2,530982785,560090574,-18162080000,4438560000,22600640000,136257.105,17900
2026-07-30,EVF,15.0,1.91,111901449,114084870,-133720000,138620000,272340000,17753.755,12400
2026-07-30,FPT,49.0,55.33,372863763,834718489,76206089100,123841717600,47635628500,503997.84,67000
2026-07-30,FRT,51.45,65.23,30461137,87619376,6745645600,7640095600,894450000,29151.72,116300
2026-07-30,FTS,100.0,24.63,287281675,381145750,-1727969100,398810900,2126780000,28749.825,21850
2026-07-30,GAS,49.0,4.12,1133640744,1182345380,9866830000,18504950000,8638120000,65099.75,68700
2026-07-30,GEE,50.0,2.12,313475959,320249605,-2054270200,14661209800,16715480000,97132.18,66900
2026-07-30,GEX,50.0,13.07,568696455,654235679,-33412716450,11338733400,44751449850,455699.73,22100
2026-07-30,GMD,49.0,82.94,35655610,208982603,72988560000,76279620000,3291060000,105554.42,76400
2026-07-30,GVR,13.0,4.76,495253420,520000000,-6422025000,1187230000,7609255000,44656.485,27550
2026-07-30,HAG,49.0,3.82,597355902,621059294,2970815000,3075500000,104685000,28520.115,14200
2026-07-30,HCM,49.0,69.82,159853709,529590573,9151130000,10199020000,1047890000,144492.895,25700
2026-07-30,HDB,27.0,80.0,270335567,1351424607,9724610250,32344305100,22619694850,230061.735,25700
2026-07-30,HDC,49.0,3.05,109128936,112559097,-752370000,827015000,1579385000,18226.88,11600
2026-07-30,HDG,50.0,32.85,136639342,203478666,932702450,2524117450,1591415000,19669.02,16500
2026-07-30,HHV,49.0,21.33,210932610,268111485,6154065000,6323601000,169536000,37144.673,10050
2026-07-30,HPG,49.0,44.09,2312941798,4137052614,24148461900,122246245500,98097783600,652587.29,21800
2026-07-30,HSG,49.0,6.56,369602415,395558724,2006648000,2827543000,820895000,26355.185,10900
2026-07-30,HT1,49.0,4.33,178878625,186979056,235895000,235895000,0,2629.055,12300
2026-07-30,IMP,77.96,93.21,8149893,120091737,14620000,151550000,136930000,295.95,36000
2026-07-30,KBC,49.0,15.16,391507747,461459831,-8057075000,2834640000,10891715000,43545.105,28050
2026-07-30,KDC,50.0,27.3,105345463,144903158,-698115000,19400000,717515000,5570.855,50000
2026-07-30,KDH,50.0,49.61,282743069,561107449,-12952535000,22474895000,35427430000,113704.76,17500
2026-07-30,KOS,49.0,0.2,105860594,106075854,-184615000,0,184615000,535.89,35750
2026-07-30,LPB,5.0,25.44,111364360,149364105,45516580000,79089440000,33572860000,202511.68,52600
2026-07-30,MBB,23.24,94.79,97551845,1871587283,-13243180000,18742045000,31985225000,250912.005,22500
2026-07-30,MSB,30.0,24.92,702747838,936000000,-18153800300,3841145000,21994945300,102145.11,15750
2026-07-30,MSN,105.11,24.14,1164356386,1534951081,105211316000,140362240000,35150924000,325692.74,67900
2026-07-30,MWG,49.0,100.0,0,723747294,37484928000,91868638000,54383710000,574777.91,69800
2026-07-30,NAB,31.46,3.68,623823420,647646684,1074910000,2652660000,1577750000,21422.925,12300
2026-07-30,NKG,50.0,9.17,223584762,246161980,-644665000,1029600000,1674265000,22007.57,11100
2026-07-30,NLG,50.0,81.35,45229052,242548691,619050000,17248915000,16629865000,32444.79,21550
2026-07-30,NT2,49.0,22.06,109937137,141059254,-2262330000,2668710000,4931040000,16942.35,21050
2026-07-30,NVL,49.0,10.38,1054789337,1177013306,-47305280750,1057839250,48363120000,207537.945,13000
2026-07-30,OCB,22.0,89.03,73913146,673752227,212210000,428720000,216510000,20178.05,10350
2026-07-30,PAN,49.0,45.47,68953796,126455768,754120000,798250000,44130000,4348.775,21300
2026-07-30,PC1,50.0,17.48,169687246,205642671,-665995000,5895480000,6561475000,73321.865,21650
2026-07-30,PDR,50.0,13.77,430215310,498904689,9328010000,9383705000,55695000,113279.185,11850
2026-07-30,PHR,49.0,25.05,49763707,66394607,-422040000,1003040000,1425080000,12587.1,57200
2026-07-30,PLX,20.0,70.18,77178005,258775616,5423405000,10963610000,5540205000,48957.555,33850
2026-07-30,PNJ,49.0,87.44,31497738,250826843,44650316900,88353257500,43702940600,255799.855,32500
2026-07-30,POW,50.0,9.33,1390879117,1533922844,-4881185000,39285000,4920470000,115040.495,13700
2026-07-30,PVD,50.0,17.11,230552371,278148003,-462465000,564750000,1027215000,38548.065,18900
2026-07-30,PVT,49.0,26.66,168873271,230266305,2003365000,5805480000,3802115000,59190.975,18150
2026-07-30,REE,49.0,100.0,0,305220527,-42714000,0,42714000,26977.015,45300
2026-07-30,SAB,100.0,58.7,529744500,1282562372,10593650000,13094745000,2501095000,29413.825,43400
2026-07-30,SBT,102.38,19.64,745775321,928026375,2838515000,2883945000,45430000,17141.33,21300
2026-07-30,SCS,32.25,27.95,22283850,30929304,-1542565000,1044110000,2586675000,9031.66,43400
2026-07-30,SHB,34.9,13.57,1385647072,1603260007,13371965400,48442985000,35071019600,844284.15,11750
2026-07-30,SIP,49.0,4.65,113123534,118635342,51305000,578515000,527210000,3404.79,48200
2026-07-30,SJS,50.0,1.13,147063383,148737414,-228616300,78075000,306691300,3566.7,47300
2026-07-30,SSB,30.0,0.95,1018916589,1028640000,135270000,2597115000,2461845000,33671.2,15550
2026-07-30,SSI,100.0,29.97,1752972860,2503089220,5471939000,36074529000,30602590000,692086.36,24000
2026-07-30,STB,30.0,37.37,354235681,565564714,-1257527800,39814220000,41071747800,174615.91,71600
2026-07-30,SZC,20.0,7.11,33436468,35997172,325965000,469885000,143920000,6547.355,17950
2026-07-30,TCB,22.54,94.01,95638827,1597139381,-144071771150,170156392000,314228163150,571752.87,29300
2026-07-30,TCH,51.0,19.07,376486645,465175704,-5332242350,1482992650,6815235000,54747.815,11550
2026-07-30,TPB,30.0,73.72,218676932,832214061,-5994437000,2965470000,8959907000,114415.21,14400
2026-07-30,VCB,30.0,66.9,829820409,2506702528,20261175000,57410395000,37149220000,303248.28,56500
2026-07-30,VCG,49.0,4.42,302782027,316769484,9392835000,11274135000,1881300000,45369.235,15650
2026-07-30,VCI,100.4,17.29,952965147,1152231925,5819495000,10101770000,4282275000,279787.245,21500
2026-07-30,VGC,49.0,1.8,215731950,219691500,1180715000,1453570000,272855000,12379.26,37750
2026-07-30,VHC,100.0,18.84,169994028,209453159,1929220000,2043800000,114580000,7916.44,54100
2026-07-30,VHM,50.0,15.06,1744426322,2053706002,45215439500,361338964100,316123524600,857677.12,147900
2026-07-30,VIB,4.99,69.54,51735115,169859884,-2559350000,923895000,3483245000,93571.64,14750
2026-07-30,VIC,48.02,6.59,3481488139,3727215320,194541900500,340352500000,145810599500,1056800.02,220000
2026-07-30,VIX,100.0,6.87,2282068073,2450287772,-32557386400,29916810000,62474196400,977317.755,13050
2026-07-30,VJC,30.0,20.62,183161471,230727888,3601540000,10127950000,6526410000,133285.49,124200
2026-07-30,VND,100.0,8.87,1387340629,1522299908,34118870000,36958075000,2839205000,241133.035,17050
2026-07-30,VNM,100.0,49.51,1055174404,2089955445,157871039400,197296050100,39425010700,423116.36,61200
2026-07-30,VPB,30.0,77.96,524531351,2380177080,-19761605000,17654370000,37415975000,326691.155,25000
2026-07-30,VPI,49.0,19.9,125621576,156824292,483360000,9289520000,8806160000,106198.49,64900
2026-07-30,VPL,51.3,12.87,801587571,919950684,12710350000,18915880000,6205530000,50192.11,79500
2026-07-30,VRE,49.0,23.24,875939266,1141121020,15033540000,39097920000,24064380000,203705.49,24300
2026-07-30,VSC,49.0,8.67,167529379,183441477,6400316150,15453565000,9053248850,267647.605,13650
2026-07-30,VTP,49.0,7.73,77777295,84294650,3008891250,3164962250,156071000,33049.955,47000
2026-07-31,ACB,30.0,81.18,327777870,1741326587,-58993111700,9263009000,68256120700,335244.57,21900
2026-07-31,ANV,49.0,5.71,123208895,130667075,-1548645000,838920000,2387565000,7820.5,17050
2026-07-31,BAF,50.0,5.19,172948862,182412453,-1289130000,0,1289130000,27048.96,29700
2026-07-31,BCM,34.0,2.14,344365314,351900000,-7814090000,378670000,8192760000,17489.485,35700
2026-07-31,BID,30.0,58.43,907897244,2184019563,-12935047650,29511487350,42446535000,366344.93,38000
2026-07-31,BMP,100.0,82.62,14231061,81860938,5261730000,6247090000,985360000,41918.97,153300
2026-07-31,BSI,100.0,35.51,174061970,269901549,-1495540000,0,1495540000,9294.065,27600
2026-07-31,BSR,49.0,2.34,2396162274,2453576846,38478730000,54845200000,16366470000,286470.795,25350
2026-07-31,BVH,49.0,55.79,160812414,363738154,9196430000,18823390000,9626960000,44751.54,60100
2026-07-31,BWE,49.0,4.76,102637556,107765035,-227360000,38790000,266150000,1555.715,43350
2026-07-31,CII,40.0,10.05,241778190,268794116,-15250230000,2522530000,17772760000,78447.505,13100
2026-07-31,CMG,50.0,72.91,31552084,116477304,745090000,767125000,22035000,8178.53,24300
2026-07-31,CTD,49.0,95.85,2317574,55872968,-2592770000,4195340000,6788110000,43266.21,61000
2026-07-31,CTG,30.0,81.84,423184201,2330083391,25440230000,83502910000,58062680000,477349.7,30800
2026-07-31,CTR,49.0,9.53,50710284,56049080,4207230000,4966340000,759110000,17595.02,71900
2026-07-31,CTS,49.0,1.47,131441206,133400020,-5740500000,4900290000,10640790000,51016.69,21850
2026-07-31,DBC,49.0,3.13,204599821,211212784,-1226650000,1452870000,2679520000,32218.595,16300
2026-07-31,DCM,49.0,13.15,225303601,259406000,-925260000,6404225000,7329485000,44699.93,30700
2026-07-31,DGW,49.0,48.77,55562218,108446882,-12103915000,15343540000,27447455000,46786.395,36600
2026-07-31,DIG,49.0,4.88,371211189,390251283,-19743705000,29495000,19773200000,111970.55,10050
2026-07-31,DPM,50.0,6.77,316988194,339995380,5296290000,10309960000,5013670000,92064.695,23550
2026-07-31,DSE,100.0,10.65,382658921,428249806,-276695000,333685000,610380000,9605.285,22200
2026-07-31,DXG,50.0,36.53,402978755,634926225,-1590120000,3000675000,4590795000,80604.54,10300
2026-07-31,DXS,50.0,13.95,249159234,289551562,-1273226000,1423354000,2696580000,12580.952,5750
2026-07-31,EIB,29.97,5.1,531544185,560090574,-15150700000,313875000,15464575000,111098.745,17800
2026-07-31,EVF,15.0,1.93,111886349,114084870,-289895000,386405000,676300000,17168.87,12200
2026-07-31,FPT,49.0,55.58,370784636,834718489,119468447000,175036517000,55568070000,419873.17,67100
2026-07-31,FRT,51.45,65.61,30129828,87619376,62728307400,77143487400,14415180000,156018.04,124400
2026-07-31,FTS,100.0,24.65,287184126,381145750,-1568685000,2503495000,4072180000,23088.525,21400
2026-07-31,GAS,49.0,4.12,1133610134,1182345380,5052817000,10873877000,5821060000,66795.79,68600
2026-07-31,GEE,50.0,2.07,313607448,320249605,-8048662200,5289124000,13337786200,65225.86,66800
2026-07-31,GEX,50.0,13.21,567831736,654235679,-46790990000,25964850000,72755840000,400006.65,22500
2026-07-31,GMD,49.0,83.06,35392410,208982603,-37461790000,24196130000,61657920000,168030.7,77000
2026-07-31,GVR,13.0,4.77,495209320,520000000,-5267915000,3263625000,8531540000,61727.56,27500
2026-07-31,HAG,49.0,3.77,597674502,621059294,-1977600000,8385000,1985985000,28616.425,14000
2026-07-31,HCM,49.0,69.76,160144259,529590573,-3467890000,327225000,3795115000,99885.675,25000
2026-07-31,HDB,27.0,79.93,271272663,1351424607,-21510610000,22419930000,43930540000,225282.84,25200
2026-07-31,HDC,49.0,2.99,109188636,112559097,-6175123600,15970000,6191093600,16372.92,11400
2026-07-31,HDG,50.0,32.8,136740042,203478666,-1908399400,93670000,2002069400,21587.305,16150
2026-07-31,HHV,49.0,21.29,211026965,268111485,-159750000,396847000,556597000,18674.067,9960
2026-07-31,HPG,49.0,44.06,2314248364,4137052614,-41366909550,60667982300,102034891850,520879.895,21700
2026-07-31,HSG,49.0,6.54,369678415,395558724,-1288050000,0,1288050000,18502.4,10700
2026-07-31,HT1,49.0,4.33,178877525,186979056,12035000,21875000,9840000,1044.015,12200
2026-07-31,IMP,77.96,93.23,8133993,120091737,114135000,238760000,124625000,501.195,35100
2026-07-31,KBC,49.0,15.14,391602797,461459831,-12593850000,302995000,12896845000,30458.485,27800
2026-07-31,KDC,50.0,27.29,105356013,144903158,-88525000,92415000,180940000,4620.005,50100
2026-07-31,KDH,50.0,49.57,282959769,561107449,-8545400000,18914650000,27460050000,79913.675,17450
2026-07-31,KOS,49.0,0.2,105860994,106075854,-92940000,100650000,193590000,3329.625,35500
2026-07-31,LPB,5.0,26.53,109738960,149364105,29394170000,74669230000,45275060000,189910.74,51800
2026-07-31,MBB,23.24,94.82,96913651,1871587283,-1204035500,37002798500,38206834000,274629.16,22500
2026-07-31,MSB,30.0,25.15,700613138,936000000,36539535000,42656780000,6117245000,136359.915,15950
2026-07-31,MSN,105.11,24.15,1164279616,1534951081,-9627618100,39420870000,49048488100,249667.62,66100
2026-07-31,MWG,49.0,100.0,0,723747294,814910900,35899660000,35084749100,316847.79,69900
2026-07-31,NAB,31.46,3.66,623916125,647646684,-3242225000,630505000,3872730000,25866.93,12150
2026-07-31,NKG,50.0,9.14,223663862,246161980,-1675080000,158550000,1833630000,16657.785,10950
2026-07-31,NLG,50.0,81.33,45278452,242548691,-51586515000,2039360000,53625875000,98261.18,22200
2026-07-31,NT2,49.0,21.32,110986537,141059254,-1012810000,1067420000,2080230000,12162.895,21000
2026-07-31,NVL,49.0,10.09,1058196444,1177013306,-65380030000,5059965000,70439995000,310834.335,13000
2026-07-31,OCB,22.0,89.03,73910346,673752227,-3438065000,80975000,3519040000,19289.335,10150
2026-07-31,PAN,49.0,45.49,68930676,126455768,-2043645000,999085000,3042730000,7207.86,20800
2026-07-31,PC1,50.0,17.36,169938646,205642671,-5323995000,466425000,5790420000,32526.445,21400
2026-07-31,PDR,50.0,13.77,430213010,498904689,-20328225000,184615000,20512840000,72012.835,11450
2026-07-31,PHR,49.0,24.79,49934807,66394607,425450000,1177730000,752280000,11897.33,56800
2026-07-31,PLX,20.0,70.36,76710205,258775616,15449175000,21374700000,5925525000,106594.65,33300
2026-07-31,PNJ,49.0,88.44,29003140,250826843,6672405150,108389695600,101717290450,539419.13,31000
2026-07-31,POW,50.0,9.28,1391542077,1533922844,-32741845000,2328865000,35070710000,166233.22,13600
2026-07-31,PVD,50.0,17.02,230796171,278148003,-27535388800,0,27535388800,102952.245,18150
2026-07-31,PVT,49.0,27.04,167992121,230266305,21943007250,28387037250,6444030000,95879.495,18300
2026-07-31,REE,49.0,100.0,0,305220527,2064741700,4608376700,2543635000,59803.985,46500
2026-07-31,SAB,100.0,58.71,529525643,1282562372,11386203000,12992498000,1606295000,22697.995,43550
2026-07-31,SBT,102.38,19.64,745800321,928026375,-580435000,426400000,1006835000,8528.48,21250
2026-07-31,SCS,32.25,27.87,22308230,30929304,-1890610000,161745000,2052355000,5959.78,43400
2026-07-31,SHB,34.9,13.57,1385722398,1603260007,-28157435000,31867670000,60025105000,424700.785,11500
2026-07-31,SIP,49.0,4.64,113128434,118635342,179645000,223195000,43550000,3671.85,48100
2026-07-31,SJS,50.0,1.12,147064193,148737414,14720000,104405000,89685000,4351.98,47150
2026-07-31,SSB,30.0,0.94,1018983589,1028640000,361580000,2379095000,2017515000,33268.235,15550
2026-07-31,SSI,100.0,29.96,1753229509,2503089220,-16525751800,25000123200,41525875000,424046.135,23550
2026-07-31,STB,30.0,37.37,354236881,565564714,-12544130000,38110080000,50654210000,199798.56,71300
2026-07-31,SZC,20.0,7.14,33427868,35997172,-2235385000,392850000,2628235000,6851.53,17650
2026-07-31,TCB,22.54,93.81,98894377,1597139381,-71800999000,26914501000,98715500000,338554.09,28950
2026-07-31,TCH,51.0,19.06,376509947,465175704,-9873635000,1115960000,10989595000,46871.715,11400
2026-07-31,TPB,30.0,73.77,218317832,832214061,-7623690000,11325285000,18948975000,150644.56,14100
2026-07-31,VCB,30.0,67.09,824841263,2506702528,270241230000,324684490000,54443260000,1085096.92,59300
2026-07-31,VCG,49.0,4.41,302797427,316769484,579535000,1683605000,1104070000,33029.665,15500
2026-07-31,VCI,100.4,17.28,953130247,1152231925,20749535000,32194000000,11444465000,212621.55,21300
2026-07-31,VGC,49.0,1.83,215672300,219691500,1500166400,2510956400,1010790000,14327.155,37850
2026-07-31,VHC,100.0,18.84,169987528,209453159,-3094760000,589480000,3684240000,13320.2,52600
2026-07-31,VHM,50.0,13.9,1768249277,2053706002,-249394532800,101062889000,350457421800,859289.29,148100
2026-07-31,VIB,4.99,69.63,51585265,169859884,-9806090000,3145415000,12951505000,121432.545,14500
2026-07-31,VIC,48.02,6.62,3480658306,3727215320,81401844700,338810651700,257408807000,954698.61,214100
2026-07-31,VIX,100.0,6.79,2284012973,2450287772,-57453455000,16048780000,73502235000,684102.475,13000
2026-07-31,VJC,30.0,20.61,183164967,230727888,7681630000,16177630000,8496000000,180551.55,125000
2026-07-31,VND,100.0,8.88,1387077179,1522299908,-28694492500,3632247500,32326740000,177426.51,16600
2026-07-31,VNM,100.0,49.54,1054534886,2089955445,46759484000,82368960000,35609476000,271023.51,60900
2026-07-31,VPB,30.0,77.85,527301351,2380177080,-68487085000,6194740000,74681825000,302682.35,24800
2026-07-31,VPI,49.0,19.76,125833076,156824292,-14804150000,1258050000,16062200000,102562.29,63900
2026-07-31,VPL,51.3,12.87,801586971,919950684,5122420000,8914210000,3791790000,38009.93,79600
2026-07-31,VRE,49.0,23.5,873001418,1141121020,72669390600,140616245000,67946854400,292140.28,24800
2026-07-31,VSC,49.0,8.75,167395328,183441477,-11354690000,10448125000,21802815000,188500.83,13800
2026-07-31,VTP,49.0,7.77,77741131,84294650,-2454521800,1881033200,4335555000,32325.32,48000
2026-08-03,ACB,30.0,81.07,329654740,1741326587,-12713960550,15558630000,28272590550,212402.43,22550
2026-08-03,ANV,49.0,5.71,123205895,130667075,-111665000,798105000,909770000,9173.715,17350
2026-08-03,BAF,50.0,5.35,172648162,182412453,4177080200,8328170000,4151089800,104365.79,30550
2026-08-03,BCM,34.0,2.16,344296514,351900000,-3471030000,5277375000,8748405000,27937.105,36900
2026-08-03,BID,30.0,58.4,908654745,2184019563,7004605000,14715315000,7710710000,173873.81,38250
2026-08-03,BMP,100.0,82.63,14215661,81860938,1820545900,3755531000,1934985100,13737.69,151600
2026-08-03,BSI,100.0,35.51,174054470,269901549,82760000,212180000,129420000,10173.06,28200
2026-08-03,BSR,49.0,2.35,2395893524,2453576846,16107802500,23431172500,7323370000,142156.045,25500
2026-08-03,BVH,49.0,55.84,160612714,363738154,19176107000,22610770000,3434663000,59446.15,64300
2026-08-03,BWE,49.0,4.75,102648056,107765035,-2408965000,99980000,2508945000,3535.225,43800
2026-08-03,CII,40.0,10.52,240514260,268794116,5283411700,18882840000,13599428300,192400.885,13950
2026-08-03,CMG,50.0,72.96,31499784,116477304,1379726950,1409365000,29638050,5636.55,25600
2026-08-03,CTD,49.0,95.74,2378684,55872968,-1670985000,1338210000,3009195000,31144.56,62600
2026-08-03,CTG,30.0,81.87,422357351,2330083391,79036892550,87423402550,8386510000,357857.42,31800
2026-08-03,CTR,49.0,9.72,50600684,56049080,8701124000,9216640000,515516000,33549.35,74300
2026-08-03,CTS,49.0,1.31,131650446,133400020,510755000,1283495000,772740000,41323.595,22300
2026-08-03,DBC,49.0,3.26,204331607,211212784,5237045700,6243428200,1006382500,38698.69,16550
2026-08-03,DCM,49.0,13.22,225116301,259406000,-11627115000,12436260000,24063375000,64255.56,31050
2026-08-03,DGW,49.0,48.83,55488118,108446882,-12087125000,18675655000,30762780000,54560.145,37050
2026-08-03,DIG,49.0,5.25,369751469,390251283,12331150000,13805175000,1474025000,125162.29,10600
2026-08-03,DPM,50.0,6.7,317219144,339995380,-2896650000,1065700000,3962350000,73559.565,22200
2026-08-03,DSE,100.0,10.65,382622821,428249806,700855000,2362505000,1661650000,13343.09,22350
2026-08-03,DXG,50.0,36.54,402927515,634926225,357850000,5078330000,4720480000,125873.815,10850
2026-08-03,DXS,50.0,13.97,249110334,289551562,713626000,1537435000,823809000,10961.039,6030
2026-08-03,EIB,29.97,5.0,532098085,560090574,-14223515000,1206915000,15430430000,115695.09,18250
2026-08-03,EVF,15.0,1.93,111877449,114084870,2481805000,2979595000,497790000,15727.97,12400
2026-08-03,FPT,49.0,56.48,363289956,834718489,524277669700,573087700200,48810030500,1148023.88,71700
2026-08-03,FRT,51.45,66.26,29559860,87619376,88646920800,93474360800,4827440000,171565.38,133100
2026-08-03,FTS,100.0,24.63,287270176,381145750,-483292450,205065000,688357450,24131.425,22100
2026-08-03,GAS,49.0,4.15,1133238714,1182345380,28621481900,32030763100,3409281200,80807.62,71200
2026-08-03,GEE,50.0,2.12,313449784,320249605,8439857000,16409937000,7970080000,84577.48,67800
2026-08-03,GEX,50.0,12.99,569249186,654235679,-38953335350,23069720000,62023055350,402672.585,23350
2026-08-03,GMD,49.0,83.18,35150410,208982603,24643970000,42812150000,18168180000,84448.27,77100
2026-08-03,GVR,13.0,4.72,495444170,520000000,-184155000,2866185000,3050340000,50968.255,28200
2026-08-03,HAG,49.0,3.81,597415602,621059294,1832625000,3690750000,1858125000,36414.905,14000
2026-08-03,HCM,49.0,69.76,160152509,529590573,-719352200,1744900000,2464252200,104766.025,25150
2026-08-03,HDB,27.0,79.77,273360785,1351424607,1878420750,28404885000,26526464250,196003.475,26000
2026-08-03,HDC,49.0,3.15,109011136,112559097,798470000,1954210000,1155740000,15973.935,11850
2026-08-03,HDG,50.0,32.53,137296852,203478666,-1368155000,3025860000,4394015000,27046.135,16400
2026-08-03,HHV,49.0,21.4,210737510,268111485,3416933000,3471983000,55050000,37874.216,10150
2026-08-03,HPG,49.0,44.38,2300854576,4137052614,283356614250,370256849400,86900235150,991165.785,22550
2026-08-03,HSG,49.0,6.58,369530115,395558724,832890000,1244205000,411315000,19183.01,10950
2026-08-03,HT1,49.0,4.34,178865025,186979056,150740000,162940000,12200000,2525.235,12450
2026-08-03,IMP,77.96,93.21,8149893,120091737,-57910000,32830000,90740000,233.935,36700
2026-08-03,KBC,49.0,15.14,391610247,461459831,2625075000,6940145000,4315070000,43434.145,28250
2026-08-03,KDC,50.0,27.29,105354063,144903158,187930000,248310000,60380000,8292.67,52000
2026-08-03,KDH,50.0,49.34,284235461,561107449,-8415705600,15893909400,24309615000,126335.065,18000
2026-08-03,KOS,49.0,0.19,105872594,106075854,-333695000,14010000,347705000,2141.22,35100
2026-08-03,LPB,5.0,26.22,110207660,149364105,66637040000,71031880000,4394840000,136486.54,53000
2026-08-03,MBB,23.24,95.06,92448464,1871587283,89420768350,109726278350,20305510000,537261.87,24000
2026-08-03,MSB,30.0,25.15,700610638,936000000,8881100000,13149635000,4268535000,138314.835,16100
2026-08-03,MSN,105.11,24.21,1163379536,1534951081,86407173900,98873990000,12466816100,294540.65,68200
2026-08-03,MWG,49.0,100.0,0,723747294,-2470890000,27087780000,29558670000,363111.6,72500
2026-08-03,NAB,31.46,3.65,623994125,647646684,-311190250,839635000,1150825250,25465.5,12200
2026-08-03,NKG,50.0,9.18,223557662,246161980,1143955000,1338280000,194325000,24345.425,11250
2026-08-03,NLG,50.0,81.43,45040852,242548691,-114412433800,15422235000,129834668800,152427.565,21700
2026-08-03,NT2,49.0,21.34,110960447,141059254,3013048400,3886308400,873260000,19126.415,21550
2026-08-03,NVL,49.0,9.86,1061012679,1177013306,-47692945000,7964095000,55657040000,271857.645,13150
2026-08-03,OCB,22.0,89.04,73847046,673752227,-2630224200,1038635000,3668859200,24608.195,10300
2026-08-03,PAN,49.0,45.46,68971576,126455768,-24427575000,125715000,24553290000,24534.205,21250
2026-08-03,PC1,50.0,17.41,169838946,205642671,1133180650,2902040000,1768859350,37974.135,21500
2026-08-03,PDR,50.0,13.96,429237410,498904689,10926644300,11828080000,901435700,86326.745,11800
2026-08-03,PHR,49.0,24.92,49849407,66394607,-1132430000,5566180000,6698610000,32149.09,59500
2026-08-03,PLX,20.0,70.54,76230205,258775616,17602805000,22705970000,5103165000,88641.505,34700
2026-08-03,PNJ,49.0,89.07,27427357,250826843,81856773300,153848451300,71991678000,260598.875,33150
2026-08-03,POW,50.0,9.3,1391287717,1533922844,-3260095000,9271180000,12531275000,89417.14,13950
2026-08-03,PVD,50.0,16.96,230979895,278148003,-9469016800,2093178200,11562195000,67584.115,18100
2026-08-03,PVT,49.0,27.17,167697021,230266305,10423827250,12382255000,1958427750,36704.94,18600
2026-08-03,REE,49.0,100.0,0,305220527,2702493200,2833591200,131098000,46902.01,48400
2026-08-03,SAB,100.0,58.75,529005638,1282562372,20811398850,23166361500,2354962650,54355.28,44800
2026-08-03,SBT,102.38,19.64,745736521,928026375,1686375000,1832735000,146360000,13661.41,21300
2026-08-03,SCS,32.25,27.89,22304139,30929304,799644800,1157559800,357915000,6347.11,44550
2026-08-03,SHB,34.9,13.62,1384937313,1603260007,32618175250,44079130250,11460955000,690048.82,11900
2026-08-03,SIP,49.0,4.66,113112734,118635342,913460000,913460000,0,5369.295,49650
2026-08-03,SJS,50.0,1.13,147061993,148737414,-14430000,27840000,42270000,1500.39,47150
2026-08-03,SSB,30.0,0.94,1018920589,1028640000,2714257750,4900830000,2186572250,34338.41,15550
2026-08-03,SSI,100.0,29.99,1752422133,2503089220,62442379050,85225606100,22783227050,593972.175,24550
2026-08-03,STB,30.0,37.3,354619381,565564714,-71832362500,25675620000,97507982500,220952.59,71500
2026-08-03,SZC,20.0,7.27,33379768,35997172,1178995000,1229125000,50130000,9579.965,18600
2026-08-03,TCB,22.54,93.68,101012472,1597139381,-71529065000,13904920000,85433985000,398322.85,29950
2026-08-03,TCH,51.0,19.0,376776747,465175704,6937974850,9779205000,2841230150,90560.98,12150
2026-08-03,TPB,30.0,73.79,218093532,832214061,-1591630000,14582650000,16174280000,162534.955,14400
2026-08-03,VCB,30.0,67.14,823753873,2506702528,136372351600,157178540000,20806188400,462162.22,60800
2026-08-03,VCG,49.0,4.41,302784627,316769484,-717790000,2297600000,3015390000,61142.93,15750
2026-08-03,VCI,100.4,17.26,953314947,1152231925,-8571910000,10841855000,19413765000,249818.41,21750
2026-08-03,VGC,49.0,1.84,215649347,219691500,1941895000,1941895000,0,15370.54,38300
2026-08-03,VHC,100.0,18.84,169994518,209453159,-7822197000,281933000,8104130000,16322.36,53000
2026-08-03,VHM,50.0,13.86,1769032297,2053706002,-7435294300,238237486700,245672781000,785506.78,148000
2026-08-03,VIB,4.99,69.56,51710715,169859884,-14385130000,10136700000,24521830000,118997.57,14850
2026-08-03,VIC,48.02,6.6,3481231476,3727215320,-40254562200,117802851000,158057413200,893869.89,213000
2026-08-03,VIX,100.0,6.5,2290954173,2450287772,-32953890000,8718600000,41672490000,576177.385,13400
2026-08-03,VJC,30.0,20.56,183287187,230727888,-8709890000,7863440000,16573330000,135554.35,126600
2026-08-03,VND,100.0,8.88,1387123529,1522299908,-4939950000,2956130000,7896080000,154341.595,16850
2026-08-03,VNM,100.0,49.64,1052600592,2089955445,-4493821300,210468097200,214961918500,384777.74,60300
2026-08-03,VPB,30.0,77.78,528787324,2380177080,-56627370050,9587980000,66215350050,344745.795,25500
2026-08-03,VPI,49.0,19.76,125841176,156824292,-5250490000,847150000,6097640000,78150.38,65000
2026-08-03,VPL,51.3,12.88,801480271,919950684,8575963600,11385760000,2809796400,47982.96,81000
2026-08-03,VRE,49.0,23.32,875012027,1141121020,2467021500,36842856500,34375835000,133339.94,25200
2026-08-03,VSC,49.0,8.31,168202728,183441477,-12260065000,4224630000,16484695000,168390.965,14200
2026-08-03,VTP,49.0,7.59,77899768,84294650,-806765000,1916365000,2723130000,23114.065,49050
2026-08-04,ACB,30.0,80.91,332408664,1741326587,-24105840000,17398325000,41504165000,235508.395,22450
2026-08-04,ANV,49.0,5.71,123210795,130667075,-146303000,753690000,899993000,9968.725,17400
2026-08-04,BAF,50.0,5.63,172148728,182412453,20824665000,20824665000,0,112743.52,31550
2026-08-04,BCM,34.0,2.08,344594614,351900000,-10220947600,734200000,10955147600,23678.93,37000
2026-08-04,BID,30.0,58.4,908570375,2184019563,-4225798000,10650127000,14875925000,151548.37,38000
2026-08-04,BMP,100.0,82.63,14217753,81860938,-3123065400,1492264600,4615330000,19970.78,149800
2026-08-04,BSI,100.0,35.5,174073170,269901549,-250075500,152640000,402715500,10986.085,28500
2026-08-04,BSR,49.0,2.35,2395888924,2453576846,-10441785000,8690040000,19131825000,145883.89,25000
2026-08-04,BVH,49.0,55.84,160613844,363738154,-1788760000,3486670000,5275430000,16233.64,63000
2026-08-04,BWE,49.0,4.73,102671256,107765035,-198264400,0,198264400,27593.975,43800
2026-08-04,CII,40.0,10.05,241792814,268794116,-12282795000,22230000,12305025000,86806.69,13950
2026-08-04,CMG,50.0,72.91,31549906,116477304,10735000,272410000,261675000,2652.685,25400
2026-08-04,CTD,49.0,95.69,2408784,55872968,-1206500000,1191150000,2397650000,26062.96,63600
2026-08-04,CTG,30.0,81.97,420007851,2330083391,82316423050,91376950000,9060526950,240895.64,31850
2026-08-04,CTR,54.88,9.73,56665165,62773671,3564320000,5267910000,1703590000,18081.05,74300
2026-08-04,CTS,49.0,1.26,131713418,133400020,2041050000,3615155000,1574105000,43200.745,22250
2026-08-04,DBC,49.0,3.23,204382797,211212784,-4857205000,221390000,5078595000,33556.215,16600
2026-08-04,DCM,49.0,13.09,225446601,259406000,-8464695000,2024355000,10489050000,38468.205,30950
2026-08-04,DGW,49.0,48.56,55780218,108446882,17850401800,19879240000,2028838200,70976.145,39600
2026-08-04,DIG,49.0,5.22,369882769,390251283,3759430000,6375920000,2616490000,78468.705,10700
2026-08-04,DPM,50.0,6.76,317015544,339995380,3681229400,4631010000,949780600,33199.645,22200
2026-08-04,DSE,100.0,10.64,382676921,428249806,-394855000,411250000,806105000,11086.24,22400
2026-08-04,DXG,50.0,36.5,403166415,634926225,5181600000,9261050000,4079450000,51818.8,10900
2026-08-04,DXS,50.0,13.91,249270834,289551562,-324475000,163616000,488091000,9521.761,5880
2026-08-04,EIB,29.97,4.82,533098285,560090574,-9553990000,1047550000,10601540000,69585.985,18200
2026-08-04,EVF,15.0,1.94,111866949,114084870,57355000,617795000,560440000,15843.515,12500
2026-08-04,FPT,49.0,56.64,361939124,834718489,108083056400,172585903900,64502847500,474963.63,71500
2026-08-04,FRT,51.45,66.46,29388860,87619376,60520704000,72321210000,11800506000,128941.28,133100
2026-08-04,FTS,100.0,24.63,287252175,381145750,2339190000,2379330000,40140000,18658.975,22100
2026-08-04,GAS,49.0,4.16,1133122128,1182345380,2896706000,11155010000,8258304000,59703.23,69900
2026-08-04,GEE,50.0,2.14,313387765,320249605,2618302100,14218503000,11600200900,82402.34,70000
2026-08-04,GEX,50.0,12.86,570116516,654235679,3366014150,39575985000,36209970850,398003.82,24850
2026-08-04,GMD,49.0,83.2,35106710,208982603,-12980860000,14038970000,27019830000,38559.26,76500
2026-08-04,GVR,13.0,4.67,495709070,520000000,-1586915000,1369815000,2956730000,39721.605,28500
2026-08-04,HAG,49.0,3.79,597519302,621059294,258675000,327785000,69110000,25992.455,14150
2026-08-04,HCM,49.0,69.75,160201909,529590573,-2295965000,778135000,3074100000,62602.62,25100
2026-08-04,HDB,27.0,79.82,272762504,1351424607,36891963750,50224165000,13332201250,297526.065,26700
2026-08-04,HDC,49.0,3.05,109127136,112559097,-253320000,715685000,969005000,10697.25,11900
2026-08-04,HDG,50.0,32.43,137486952,203478666,-4143510000,56680000,4200190000,15701.215,16650
2026-08-04,HHV,49.0,21.45,210604010,268111485,204889000,1530300000,1325411000,26364.125,10200
2026-08-04,HPG,49.0,44.42,2299475473,4137052614,34217928000,125750887750,91532959750,505240.065,22150
2026-08-04,HSG,49.0,6.59,369504915,395558724,460495350,929825000,469329650,13925.135,10850
2026-08-04,HT1,49.0,4.39,178761925,186979056,1118545000,1317955000,199410000,5648.23,13200
2026-08-04,IMP,77.96,93.21,8150293,120091737,-273435000,18200000,291635000,474.455,36100
2026-08-04,KBC,49.0,15.05,392006947,461459831,-1640600000,1351940000,2992540000,31111.61,28400
2026-08-04,KDC,50.0,27.29,105365463,144903158,102160400,102570000,409600,6256.24,51900
2026-08-04,KDH,50.0,49.21,285013439,561107449,-9614245000,6494710000,16108955000,66371.485,18000
2026-08-04,KOS,49.0,0.19,105874794,106075854,-777915000,20745000,798660000,13826.385,34500
2026-08-04,LPB,5.0,26.6,109626660,149364105,26443983300,38921640000,12477656700,141057.28,53800
2026-08-04,MBB,23.24,95.28,88356434,1871587283,171629839500,178127378500,6497539000,411419.18,24400
2026-08-04,MSB,30.0,25.06,701476556,936000000,1845015000,8878080000,7033065000,83022.925,16200
2026-08-04,MSN,105.11,24.27,1162420926,1534951081,58506760000,84346880000,25840120000,212613.31,68400
2026-08-04,MWG,49.0,100.0,0,723747294,-1113205000,669315000,1782520000,266584.05,72100
2026-08-04,NAB,31.46,3.64,624054025,647646684,-2702460000,135705000,2838165000,21001.335,12100
2026-08-04,NKG,50.0,9.18,223563462,246161980,303944000,743525000,439581000,14651.85,11050
2026-08-04,NLG,50.0,81.19,45626552,242548691,-37947185000,15145160000,53092345000,50953.445,21850
2026-08-04,NT2,49.0,21.23,111107547,141059254,-2243279000,131481000,2374760000,8307.085,21450
2026-08-04,NVL,49.0,9.55,1064612172,1177013306,-41090731850,9179400000,50270131850,240568.7,13400
2026-08-04,OCB,22.0,89.02,73955046,673752227,-3611305000,0,3611305000,19592.345,10300
2026-08-04,PAN,49.0,45.45,68976576,126455768,-763330000,21100000,784430000,4387.8,21250
2026-08-04,PC1,50.0,17.37,169925049,205642671,-4093880000,514140000,4608020000,29188.995,21500
2026-08-04,PDR,50.0,14.16,428248539,498904689,4456925000,12501330000,8044405000,121798.73,12100
2026-08-04,PHR,49.0,24.79,49933406,66394607,-118451000,1274729000,1393180000,13546.2,59800
2026-08-04,PLX,20.0,70.47,76408705,258775616,-6991290000,183940000,7175230000,40463.85,33450
2026-08-04,PNJ,49.0,90.33,24244922,250826843,123664605750,163962135750,40297530000,371884.13,35450
2026-08-04,POW,50.0,9.24,1392222377,1533922844,-6872075000,1385705000,8257780000,69486.33,13900
2026-08-04,PVD,50.0,16.91,231101871,278148003,-2686240000,21835000,2708075000,30357.945,18100
2026-08-04,PVT,49.0,27.24,167538860,230266305,1750456500,4483590000,2733133500,42520.8,18700
2026-08-04,REE,49.0,100.0,62,305220527,661786400,661786400,0,15858.675,48350
2026-08-04,SAB,100.0,58.77,528843078,1282562372,3860205000,11129485000,7269280000,28753.34,45100
2026-08-04,SBT,102.38,19.65,745715221,928026375,186800000,611140000,424340000,11480.445,21300
2026-08-04,SCS,32.25,27.75,22345119,30929304,-2629140000,295945000,2925085000,5409.37,44700
2026-08-04,SHB,34.9,13.58,1385568017,1603260007,-51926299700,4238225300,56164525000,625615.195,11800
2026-08-04,SIP,49.0,4.75,112997134,118635342,5445020000,5479875000,34855000,10110.955,51000
2026-08-04,SJS,50.0,1.12,147069076,148737414,-4655000,47050000,51705000,3346.415,47150
2026-08-04,SSB,30.0,0.94,1018937194,1028640000,-770215000,1959245000,2729460000,33925.89,15450
2026-08-04,SSI,100.0,29.97,1752807129,2503089220,-3931001550,14463732450,18394734000,346014.145,24550
2026-08-04,STB,30.0,37.33,354443752,565564714,-19674150000,34432040000,54106190000,362465.02,74100
2026-08-04,SZC,20.0,7.27,33379168,35997172,-778220000,104990000,883210000,4951.19,18650
2026-08-04,TCB,22.54,93.35,106219662,1597139381,-61048775250,8636070000,69684845250,276413.955,29650
2026-08-04,TCH,51.0,18.97,376936066,465175704,85115000,5701960000,5616845000,57606.9,12300
2026-08-04,TPB,30.0,73.65,219299937,832214061,-4541413350,3584490000,8125903350,108290.955,14550
2026-08-04,VCB,30.0,67.16,823083487,2506702528,42079336000,71089018000,29009682000,305668.81,60000
2026-08-04,VCG,49.0,4.39,302858327,316769484,-9951520000,1342140000,11293660000,52517.55,15900
2026-08-04,VCI,100.4,17.22,953823747,1152231925,-22195325000,2271360000,24466685000,160973.195,21850
2026-08-04,VGC,49.0,1.88,215560547,219691500,3203380000,3387450000,184070000,14965.95,38300
2026-08-04,VHC,100.0,18.84,169997683,209453159,-4896760000,111720000,5008480000,10275.65,53500
2026-08-04,VHM,50.0,13.93,1767595110,2053706002,283835655000,456415185000,172579530000,961849.8,152900
2026-08-04,VIB,4.99,69.08,52513115,169859884,-11308386800,920245000,12228631800,50525.155,14800
2026-08-04,VIC,48.02,6.66,3479121638,3727215320,438445850000,574089730000,135643880000,1130392.76,218000
2026-08-04,VIX,100.0,6.51,2290844121,2450287772,29870794000,51540355000,21669561000,698301.345,13900
2026-08-04,VJC,30.0,20.55,183304087,230727888,-4002411500,6322430000,10324841500,193837.05,126500
2026-08-04,VND,100.0,8.93,1386296929,1522299908,5258435000,17007060000,11748625000,138672.17,16950
2026-08-04,VNM,100.0,49.56,1054121667,2089955445,-115632713000,61586390000,177219103000,328979.59,59500
2026-08-04,VPB,30.0,77.73,530048524,2380177080,-91008035600,2030345000,93038380600,290664.27,25650
2026-08-04,VPI,49.0,19.75,125853676,156824292,-6857730000,64700000,6922430000,78833.31,63500
2026-08-04,VPL,51.3,12.89,801349691,919950684,7837190000,12386830000,4549640000,53632.98,81200
2026-08-04,VRE,49.0,23.38,874374127,1141121020,-22188184300,40005000000,62193184300,264733.025,26400
2026-08-04,VSC,49.0,8.58,167701628,183441477,-12602480000,11068680000,23671160000,195877.82,14850
2026-08-04,VTP,49.0,7.56,77922668,84294650,-335398150,773945000,1109343150,17759.43,48800
2026-08-05,ACB,30.0,80.84,333604569,1741326587,5032355400,49782895000,44750539600,250924.17,22450
2026-08-05,ANV,49.0,5.61,123337195,130667075,-2206900000,113565000,2320465000,11065.865,17500
2026-08-05,BAF,50.0,5.81,171816928,182412453,11022635000,12427460000,1404825000,63682.435,31500
2026-08-05,BCM,34.0,2.02,344802314,351900000,-9073275000,1396115000,10469390000,23432.835,36600
2026-08-05,BID,30.0,58.37,909143844,2184019563,-6416542400,1922745000,8339287400,128962.78,38000
2026-08-05,BMP,100.0,82.62,14224131,81860938,-3807484000,529006000,4336490000,12625.86,149200
2026-08-05,BSI,100.0,35.48,174131770,269901549,-457025000,5800000,462825000,9496.68,28200
2026-08-05,BSR,49.0,2.37,2395443580,2453576846,-18439969800,12175645200,30615615000,261307.11,25150
2026-08-05,BVH,49.0,55.9,160420044,363738154,7084680000,15876710000,8792030000,38558.25,63900
2026-08-05,BWE,49.0,4.72,102680256,107765035,-1098180000,0,1098180000,2244.23,43800
2026-08-05,CII,40.0,9.85,242324814,268794116,3240210450,8053925000,4813714550,156227.705,14150
2026-08-05,CMG,50.0,72.92,31541906,116477304,-2045010000,489250000,2534260000,5039.73,25300
2026-08-05,CTD,49.0,95.61,2455284,55872968,-2733024800,1008860000,3741884800,25781.41,63200
2026-08-05,CTG,30.0,82.08,417534848,2330083391,73558711900,83702945000,10144233100,301664.2,31850
2026-08-05,CTR,54.88,10.01,56487765,62773671,4045668000,14471300000,10425632000,52538.53,75000
2026-08-05,CTS,49.0,1.02,132037388,133400020,-3478595000,402830000,3881425000,44881.995,22250
2026-08-05,DBC,49.0,3.19,204464782,211212784,-4647797250,17153500,4664950750,40455.685,16750
2026-08-05,DCM,49.0,13.13,225336701,259406000,-20075850000,5231060000,25306910000,75736.3,31200
2026-08-05,DGW,49.0,48.29,56080485,108446882,-13134675000,6016580000,19151255000,39334.43,39150
2026-08-05,DIG,49.0,4.86,371279769,390251283,5083870000,8704500000,3620630000,118285.375,10700
2026-08-05,DPM,50.0,6.78,316949793,339995380,-8033012000,1758733000,9791745000,108213.065,21800
2026-08-05,DSE,100.0,10.64,382679021,428249806,308915000,684980000,376065000,11658.855,22500
2026-08-05,DXG,50.0,36.58,402648415,634926225,10183605000,11357905000,1174300000,75148.54,10800
2026-08-05,DXS,50.0,13.9,249306534,289551562,-700524000,1098307000,1798831000,21166.104,5830
2026-08-05,EIB,29.97,4.66,533999685,560090574,-13132460000,0,13132460000,114809.01,18200
2026-08-05,EVF,15.0,1.9,111921349,114084870,-82730000,130380000,213110000,12968.2,12550
2026-08-05,FPT,49.0,56.71,361338301,834718489,63098253600,105653824000,42555570400,488108.22,70300
2026-08-05,FRT,49.0,67.02,28896960,87619376,38686550000,82855536800,44168986800,134482.28,135000
2026-08-05,FTS,100.0,24.62,287307435,381145750,269768850,460411000,190642150,19547.535,22000
2026-08-05,GAS,49.0,4.17,1133014758,1182345380,-7317330000,16187700000,23505030000,79183.89,70500
2026-08-05,GEE,50.0,2.07,313633904,320249605,-4150760000,4528510000,8679270000,74712.01,69900
2026-08-05,GEX,50.0,12.36,573358568,654235679,-5653880000,14800745000,20454625000,298494.29,24700
2026-08-05,GMD,49.0,83.1,35312910,208982603,-6784143000,35237250000,42021393000,81472.98,76200
2026-08-05,GVR,13.0,4.63,495948420,520000000,-1256345000,608910000,1865255000,36758.485,28150
2026-08-05,HAG,49.0,3.77,597654502,621059294,-10116695000,154705000,10271400000,32640.16,14100
2026-08-05,HCM,49.0,69.83,159751659,529590573,7592976600,15876065000,8283088400,236073.57,25550
2026-08-05,HDB,27.0,79.78,273291025,1351424607,-23884840000,28850955000,52735795000,247619.7,26550
2026-08-05,HDC,49.0,2.73,109482907,112559097,-241140000,2553570000,2794710000,20351.515,11900
2026-08-05,HDG,50.0,32.38,137600664,203478666,-3490695000,308480000,3799175000,22627.32,16800
2026-08-05,HHV,49.0,21.4,210749015,268111485,-906458750,8160000,914618750,27649.375,10100
2026-08-05,HPG,49.0,44.41,2299940113,4137052614,42380595350,111382916000,69002320650,620541.09,22000
2026-08-05,HSG,49.0,6.55,369651177,395558724,-2024770000,369095000,2393865000,23759.965,10800
2026-08-05,HT1,49.0,4.44,178679625,186979056,956180000,1376190000,420010000,3373.39,13200
2026-08-05,IMP,77.96,93.21,8150693,120091737,-1609450000,0,1609450000,3350.1,36800
2026-08-05,KBC,49.0,14.96,392409247,461459831,562270000,2953450000,2391180000,34409.46,28250
2026-08-05,KDC,50.0,27.29,105358921,144903158,227910000,440140000,212230000,2997.84,51800
2026-08-05,KDH,50.0,49.26,284723239,561107449,-138630000,21331455000,21470085000,132590.47,18150
2026-08-05,KOS,49.0,0.19,105879294,106075854,-175555000,0,175555000,2663.395,34500
2026-08-05,LPB,5.0,26.82,109303853,149364105,7447110000,30206130000,22759020000,145541.05,53000
2026-08-05,MBB,23.24,95.56,83041078,1871587283,123419555900,137958480000,14538924100,340860.865,24300
2026-08-05,MSB,30.0,25.04,701589856,936000000,-25376453300,5577360000,30953813300,108321.615,16150
2026-08-05,MSN,105.11,24.25,1162649366,1534951081,-40049160000,19854800000,59903960000,284254.58,67200
2026-08-05,MWG,49.0,100.0,0,723747294,-688652000,373203674300,373892326300,284328.35,72200
2026-08-05,NAB,31.46,3.61,624289825,647646684,-2385380000,518695000,2904075000,17249.23,11950
2026-08-05,NKG,50.0,9.22,223472492,246161980,2714040000,2859115000,145075000,20447.885,11100
2026-08-05,NLG,50.0,80.27,47847152,242548691,-21677108400,7556695000,29233803400,77512.915,21750
2026-08-05,NT2,49.0,21.2,111156981,141059254,-2463950000,105400000,2569350000,7878.805,21250
2026-08-05,NVL,49.0,9.22,1068496372,1177013306,-39555376700,135552667700,175108044400,457695.135,13900
2026-08-05,OCB,22.0,88.98,74220646,673752227,-719245000,790020000,1509265000,23523.215,10350
2026-08-05,PAN,49.0,45.38,69068676,126455768,-789080000,132280000,921360000,17644.59,21150
2026-08-05,PC1,50.0,17.24,170180149,205642671,-5885210000,414680000,6299890000,45858.28,21000
2026-08-05,PDR,50.0,13.9,429565939,498904689,12843860000,13591225000,747365000,94247.415,12000
2026-08-05,PHR,0.0,inf,-16434800,0,-2496240000,0,2496240000,22814.36,58200
2026-08-05,PLX,20.0,70.64,75981205,258775616,11439520000,14386670000,2947150000,77561.03,34250
2026-08-05,PNJ,49.0,91.79,20582525,250826843,109870308200,213109518200,103239210000,292832.68,37900
2026-08-05,POW,50.0,9.08,1394640017,1533922844,-13067425000,941110000,14008535000,127153.1,13800
2026-08-05,PVD,50.0,16.42,232485580,278148003,-8058940000,757975000,8816915000,57433.075,17900
2026-08-05,PVT,49.0,27.22,167577670,230266305,-11832645000,2158110000,13990755000,79798.875,18300
2026-08-05,REE,49.0,100.0,0,305220527,-6527400,2972600,9500000,24148.235,47450
2026-08-05,SAB,100.0,58.77,528832668,1282562372,1351956500,136409861500,135057905000,21782.96,44400
2026-08-05,SBT,102.38,19.65,745706521,928026375,1279145000,1309035000,29890000,12779.82,20650
2026-08-05,SCS,32.25,27.6,22392239,30929304,-1161240000,0,1161240000,5576.335,44650
2026-08-05,SHB,34.9,13.56,1385827819,1603260007,-3710107850,29533252150,33243360000,595232.19,11800
2026-08-05,SIP,49.0,4.87,112856734,118635342,7023770000,7479470000,455700000,9630.98,51000
2026-08-05,SJS,50.0,1.12,147066976,148737414,-141695000,55390000,197085000,3435.515,47100
2026-08-05,SSB,30.0,0.96,1018783994,1028640000,-653430000,4361125000,5014555000,32996.885,15350
2026-08-05,SSI,100.0,29.93,1753915056,2503089220,-9975681250,5078643750,15054325000,405345.605,24400
2026-08-05,STB,30.0,37.26,354838352,565564714,-13424350000,23784030000,37208380000,203556.25,73200
2026-08-05,SZC,20.0,6.95,33495768,35997172,-771365000,239740000,1011105000,8476.385,18450
2026-08-05,TCB,22.54,93.33,106533251,1597139381,-13099389950,72318125050,85417515000,357909.82,29650
2026-08-05,TCH,51.0,18.82,377651066,465175704,-3977180000,7049020000,11026200000,85284.02,12250
2026-08-05,TPB,30.0,73.79,218084337,832214061,-6536555000,28840475000,35377030000,305966.625,14750
2026-08-05,VCB,30.0,67.17,822903044,2506702528,9222050000,39067020000,29844970000,218702.57,59300
2026-08-05,VCG,49.0,4.37,302922827,316769484,-4552230000,290130000,4842360000,39652.99,15800
2026-08-05,VCI,100.4,17.28,953117047,1152231925,7407065000,18487345000,11080280000,179706.525,21500
2026-08-05,VGC,49.0,1.88,215556364,219691500,-1136975000,361540000,1498515000,6878.305,38150
2026-08-05,VHC,100.0,18.81,170052683,209453159,-9275030000,10700000,9285730000,18874.8,53500
2026-08-05,VHM,50.0,14.11,1763952285,2053706002,383570093800,504653405000,121083311200,1662894.72,153000
2026-08-05,VIB,4.99,68.78,53025515,169859884,-48300531950,3185325000,51485856950,202691.94,14800
2026-08-05,VIC,48.02,6.67,3478745172,3727215320,147878543500,237663260000,89784716500,1370731.09,220000
2026-08-05,VIX,100.0,6.39,2293788841,2450287772,14167415000,42621965000,28454550000,658002.475,14000
2026-08-05,VJC,30.0,20.61,183163387,230727888,12855766300,24159230000,11303463700,202425.41,126100
2026-08-05,VND,100.0,8.9,1386818579,1522299908,30030615000,34287975000,4257360000,190841.63,16950
2026-08-05,VNM,100.0,49.57,1054017074,2089955445,-72368351400,61773848600,134142200000,311814.22,58600
2026-08-05,VPB,30.0,77.61,532826974,2380177080,-98907460000,1141030000,100048490000,359702.09,25500
2026-08-05,VPI,49.0,19.75,125850876,156824292,10238510000,14411450000,4172940000,118424.47,65000
2026-08-05,VPL,51.3,12.9,801319691,919950684,3781710000,7044550000,3262840000,40406.63,81000
2026-08-05,VRE,49.0,23.4,874088427,1141121020,17878950000,50157175000,32278225000,191102.46,26450
2026-08-05,VSC,49.0,7.83,169084728,183441477,-29111185000,2774875000,31886060000,164275.68,14600
2026-08-05,VTP,49.0,7.7,77803164,84294650,5929470000,8867945000,2938475000,73409.865,51500
